s1_enter,s1_exit,gap,min_sortino,NDX 40yr_sortino,NDX 40yr_cagr,NDX 40yr_sharpe,NDX 40yr_mdd,QQQ 27yr_sortino,QQQ 27yr_cagr,QQQ 27yr_sharpe,QQQ 27yr_mdd,TQQQ 15yr_sortino,TQQQ 15yr_cagr,TQQQ 15yr_sharpe,TQQQ 15yr_mdd
130,115,5,0.9150322383774777,0.9150322383774777,0.22474397823806758,0.6476737360924374,-0.5794575795352055,1.1356272328824133,0.2719240148648381,0.8059704973005084,-0.5568717269199149,1.4741888167806434,0.3991443170381703,1.0398621197321163,-0.3344704381723905
130,115,10,0.9232879673400761,0.9232879673400761,0.22771559833286026,0.6532295249308442,-0.5794575795352062,1.1455655749677722,0.2758378061969524,0.8126390427483359,-0.5568717269199142,1.480867727593134,0.4039820501664577,1.0446574593622344,-0.34090453355336336
130,115,15,0.9239228833913166,0.9239228833913166,0.22872459547339763,0.6538349824693279,-0.5794575795352054,1.1536935940458295,0.2794302162590463,0.8183210013994772,-0.5568717269199148,1.4837801013092637,0.4070170448165109,1.0470839946705592,-0.3409045335533639
130,115,20,0.9224470842120813,0.9224470842120813,0.2288579682454004,0.6526613418836524,-0.5794575795352057,1.1407134567048711,0.276955226972156,0.8099702296488577,-0.5703705098939785,1.4796389462507158,0.40778905820996103,1.0437802047401925,-0.3409045335533636
130,120,5,0.9098367373635622,0.9098367373635622,0.2241597072846342,0.6446220380609101,-0.5815580784070541,1.1302202229013778,0.2722711118507921,0.8028942210353577,-0.5617241720164219,1.4709679904784798,0.40157761618716514,1.038577302780567,-0.33242799614318164
130,120,10,0.9192403634952196,0.9192403634952196,0.22747329931346072,0.6508640562862733,-0.5815580784070531,1.1333137896622114,0.2739939781675771,0.8050020177155759,-0.561724172016422,1.4678065556031374,0.4023865725973361,1.0369424194224737,-0.33720149383897113
130,120,15,0.9211735227142435,0.9211735227142435,0.22875954828705214,0.652360945531374,-0.5815580784070531,1.1417868304478471,0.2774939914668604,0.8109380003927177,-0.5617241720164221,1.4685516167071295,0.40437335047286216,1.0378124114401792,-0.3372014938389709
130,120,20,0.9235777825427265,0.9235777825427265,0.2299457504771727,0.6537197240143725,-0.5815580784070542,1.1352624943298188,0.276597851569391,0.8067334789112941,-0.5703705098939775,1.4654287172767904,0.4048695342468609,1.0354128614979548,-0.33720149383897124
130,125,5,0.9096182728155183,0.9096182728155183,0.22490719824111194,0.6444440825360763,-0.579984883016394,1.123073926081447,0.2714190839927417,0.7984036894692119,-0.5641511948819009,1.4606235489856794,0.4007137520454396,1.0322146002376584,-0.3382767187701474
130,125,10,0.9194295841075465,0.9194295841075465,0.2284005953488053,0.6509996020427727,-0.5799848830163945,1.132816038257719,0.27508548060364313,0.8048040672362784,-0.5641511948819002,1.4528747181835209,0.4000516151717468,1.0276556757673942,-0.33827671877014753
130,125,15,0.9204774218903607,0.9204774218903607,0.22935363332368386,0.6518930579613125,-0.5799848830163948,1.1375739761882766,0.2773249461300611,0.8082552154465782,-0.5641511948819,1.4511194372885214,0.4008933028178352,1.0269051193387924,-0.33827671877014776
130,125,20,0.9188474611877645,0.9188474611877645,0.22928354306822962,0.6508340419914473,-0.5799848830163952,1.1305990038165554,0.27619760790187975,0.8038315951355698,-0.5727491189675138,1.4493485065712453,0.4015208037723139,1.0253594048135997,-0.33827671877014753
132,115,5,0.9171396622722214,0.9171396622722214,0.22590327893778972,0.6493018377919955,-0.5789920201755389,1.14149342393519,0.27442334311411454,0.8100812168457392,-0.5568717269199144,1.4623823483753795,0.39710877369956643,1.0328943374038515,-0.3346037045427358
132,115,10,0.9273746263682575,0.9273746263682575,0.22946610620524677,0.6560626302702433,-0.5789920201755387,1.1436256727329626,0.27605147716694467,0.8115948112343222,-0.556871726919915,1.4736317190536214,0.4032015286885331,1.0402551368199509,-0.3409045335533639
132,115,15,0.9235533236823456,0.9235533236823456,0.22912580959972262,0.6536351112517759,-0.578992020175539,1.1509864746385654,0.2794300105634804,0.8164396662829324,-0.556964527933208,1.474905825600329,0.405526217707622,1.0413228399488355,-0.3409045335533636
132,115,20,0.9249219211817253,0.9249219211817253,0.23014340799364374,0.6543380410301892,-0.5789920201755387,1.1423551598824235,0.27794459083276357,0.8112232046488895,-0.5703705098939775,1.4666426297731308,0.40502695182323145,1.0355672770605604,-0.34090453355336403
132,120,5,0.9110194483025618,0.9110194483025618,0.2249766198680101,0.6455750774537877,-0.5810948443940396,1.1275994481600227,0.27223789508664176,0.8014514152918383,-0.5617241720164223,1.4582595629325759,0.3988266473699702,1.0308893026347483,-0.3324279961431823
132,120,10,0.9185478293546435,0.9185478293546435,0.22768008690268227,0.6505598861533574,-0.5810948443940398,1.1319419055424855,0.27430708809573456,0.8043567635206759,-0.5617241720164217,1.4599742030894176,0.40102391546000726,1.0321903133885952,-0.33720149383897124
132,120,15,0.9196945811327257,0.9196945811327257,0.2287592489317105,0.651477117325488,-0.5810948443940396,1.1380845454601556,0.2770588078111669,0.8084910528598361,-0.5618159568187235,1.4614913676901296,0.4031072993235174,1.0334106360361062,-0.33720149383897136
132,120,20,0.924517872615706,0.924517872615706,0.23075461622988258,0.6544043684412975,-0.5810948443940394,1.135843984450705,0.277255261352674,0.8072928348308301,-0.5703705098939782,1.4553631273355645,0.4028530851660843,1.0290150563929787,-0.33720149383897124
132,125,5,0.9143476682908838,0.9143476682908838,0.2267887411005005,0.6477231805858602,-0.5809961882206756,1.1270303332971783,0.2732920968372219,0.8012316600883583,-0.5641511948818999,1.4507622081736813,0.3987660172923646,1.0262828257402095,-0.33827671877014776
132,125,10,0.9194224247893183,0.9194224247893183,0.2288180454244264,0.6511636572088629,-0.5809961882206751,1.1319951845293208,0.27552786325263745,0.8045149485139571,-0.5641511948819004,1.4437908237887287,0.3981098811746273,1.022136832781313,-0.3382767187701474
132,125,15,0.9173964213325717,0.9173964213325717,0.2287955754658133,0.6499175852086206,-0.5809961882206751,1.1327460958884994,0.27654240078895453,0.8051533378121295,-0.5642424714111016,1.4441401650886878,0.3995699112274753,1.0225249318939478,-0.33827671877014753
132,125,20,0.9213521044381626,0.9213521044381626,0.2305444180453542,0.6524917529598945,-0.5809961882206753,1.1326516557699378,0.2773362217971973,0.8054074428887779,-0.5727491189675137,1.443352709601869,0.4007875554006748,1.0216343881796381,-0.3382767187701473
132,130,5,0.903501152928238,0.903501152928238,0.22416161856139638,0.6405957730679834,-0.5831739363301669,1.1164430555506175,0.27139416893767976,0.7942965025352672,-0.5684484896560472,1.4312707898913894,0.3945573260224251,1.0137856940989924,-0.3388837127012192
132,130,10,0.9132457541831427,0.9132457541831427,0.22765994980572501,0.6471109357060366,-0.5831739363301673,1.123803392343567,0.27443801927292166,0.7992342339594284,-0.5684484896560476,1.4359020111639533,0.397409613788239,1.0169483395669432,-0.33888371270121953
132,130,15,0.9072442414021581,0.9072442414021581,0.22627237844347192,0.6432583848893522,-0.5831739363301673,1.1225299841116232,0.2747627476042187,0.7985244702039341,-0.5685388662352028,1.4330105390571737,0.39760390135907975,1.0151410169034851,-0.3388837127012194
132,130,20,0.9110833675794554,0.9110833675794554,0.2278852761357557,0.6456283887118631,-0.5831739363301671,1.1246809168924745,0.27603899141043975,0.799980575889632,-0.5727491189675136,1.431456089105694,0.3981295494644985,1.0141942412621463,-0.33888371270121953
134,115,5,0.9201834622717447,0.9201834622717447,0.22713647197666842,0.651354081995462,-0.5817013280882942,1.1429422097757085,0.27570209745040697,0.8113677213780188,-0.5568717269199146,1.4713158811246119,0.40116533582376857,1.0386621392934385,-0.3362984381449179
134,115,10,0.9217781364728781,0.9217781364728781,0.2283696743995307,0.6527033727583115,-0.5817013280882943,1.1493905467876724,0.2788829227267209,0.8158890412037259,-0.5568717269199144,1.485617119817411,0.40809440888862514,1.0482215287755035,-0.33629843814491933
134,115,15,0.9261039789393715,0.9261039789393715,0.2302005481551228,0.6550886309642274,-0.5817013280882939,1.1482356561106088,0.27938336145011666,0.8149709285526445,-0.5569645279332078,1.4769019410054594,0.40736873275133445,1.0424304863968048,-0.3362984381449189
134,115,20,0.9197471895408059,0.9197471895408059,0.22887570666572232,0.6509149455992006,-0.5817013280882941,1.1388894232975828,0.2779067544220628,0.8092025015819077,-0.570370509893978,1.4669904052595724,0.4063397469304011,1.036165023809998,-0.33629843814491855
134,120,5,0.9163813251398266,0.9163813251398266,0.22694613053642798,0.6491313774791642,-0.5832018187067068,1.1275124251374773,0.27280891985976075,0.8015622228850343,-0.5617241720164223,1.4639667738803455,0.4016245970443042,1.0346299482522439,-0.3372014938389716
134,120,10,0.917717410038112,0.917717410038112,0.22799964390929106,0.6502970885253431,-0.5832018187067065,1.134469070999744,0.27586614612682236,0.8064058299126158,-0.5617241720164216,1.4683009665044628,0.40482737121227297,1.0377225719191172,-0.33720149383897136
134,120,15,0.9238919959123142,0.9238919959123142,0.23029333912761785,0.653990590891175,-0.5832018187067067,1.135271939247283,0.27679996444204713,0.8068761885381933,-0.5618159568187227,1.4633802192753496,0.404936534812504,1.0344587111789438,-0.3372014938389717
134,120,20,0.9189906362841324,0.9189906362841324,0.22938508710654615,0.6507656158265023,-0.583201818706707,1.1318557459493188,0.27690947999578697,0.8048379822849397,-0.5703705098939778,1.4547856764755853,0.4038620716645964,1.0289869818668176,-0.33720149383897147
134,125,5,0.9161676916684585,0.9161676916684585,0.22765863900501304,0.6489471967450343,-0.5833966304286293,1.1270861706212805,0.2738603930173755,0.8013682161475986,-0.5641511948819002,1.456268383037553,0.40162760204017145,1.030007673198043,-0.3382767187701473
134,125,10,0.9171439265187108,0.9171439265187108,0.2285661433162558,0.6498448722215739,-0.5833966304286291,1.1301422074950425,0.27563937837350916,0.8036311265218905,-0.5641511948819002,1.4518413422805723,0.4016855667313033,1.0274963592241488,-0.3382767187701474
134,125,15,0.918198686766741,0.918198686766741,0.22924529940566818,0.6504100009038037,-0.5833966304286295,1.1301945770420185,0.27626504375049654,0.8036806654637405,-0.5642424714111007,1.4501397417297395,0.4024950808731882,1.02622805851598,-0.33827671877014753
134,125,20,0.9158156586344102,0.9158156586344102,0.2290848910793093,0.6488312077529291,-0.5833966304286292,1.1274418006484241,0.27656463393044284,0.8020918418345749,-0.572749118967514,1.4442899364085966,0.4023147097233917,1.0225683937430456,-0.33827671877014776
134,130,5,0.9114885834374759,0.9114885834374759,0.22695433394805664,0.6459345689183917,-0.5859817818244148,1.1201277993512924,0.2730426354234996,0.7969277283364832,-0.5684484896560471,1.4473770246556337,0.4008902008974733,1.0243755472717981,-0.33890534169431175
134,130,10,0.9083768402559157,0.9083768402559157,0.2265289633508214,0.6440557063823612,-0.5859817818244145,1.1222085583332637,0.27454821449746203,0.7985208536049282,-0.5684484896560476,1.4460747052205112,0.40175658454795293,1.023804642045858,-0.3389053416943112
134,130,15,0.9087535067506245,0.9087535067506245,0.22694075727446483,0.6442401166205902,-0.5859817818244148,1.122897059372515,0.2752508483023062,0.7990183448898744,-0.5685388662352027,1.4400175382066913,0.40072589020559013,1.0199143706383627,-0.33890534169431086
134,130,20,0.9104327154518346,0.9104327154518346,0.2279051575156319,0.6452261824502271,-0.5859817818244153,1.1225794477277364,0.27587907665773215,0.7986001596237411,-0.5727491189675136,1.432795727701955,0.39935026136628293,1.0152958601375812,-0.33890534169431086
136,115,5,0.9257065358581218,0.9257065358581218,0.2292200340958932,0.6549977608411245,-0.5817013280882949,1.1473621251357837,0.2775459350669873,0.8143096646360223,-0.5568717269199146,1.480225982563781,0.40599929243019295,1.0445110559872728,-0.33629843814491867
136,115,10,0.9270596918657856,0.9270596918657856,0.23032701616050555,0.6560837026577663,-0.5817013280882941,1.1464742910849122,0.27880811841188535,0.8139031276935068,-0.5569645279332078,1.482378319102862,0.4085603312874009,1.0466130855656006,-0.33629843814491833
136,115,15,0.9251183482508835,0.9251183482508835,0.23035958362342002,0.6545822150174978,-0.5817013280882934,1.140470057771069,0.2780466950542031,0.810286605190475,-0.5703705098939782,1.4773348725748126,0.40913554158916,1.0425826033019037,-0.33629843814491955
136,115,20,0.9189186307265285,0.9189186307265285,0.22896599867291156,0.6502400764084069,-0.5817013280882941,1.1325608878267137,0.2766598629094068,0.8045878623403251,-0.5703705098939774,1.4622115256696526,0.4056604748522181,1.0329390241175502,-0.3362984381449189
136,120,5,0.918535834268542,0.918535834268542,0.22793376783810637,0.6505983339675334,-0.5832018187067063,1.1335384837264304,0.2750693288495347,0.8055348711868762,-0.5617241720164219,1.463647203966603,0.4028636830873169,1.0345653790477713,-0.3372678635903683
136,120,10,0.9221469724716002,0.9221469724716002,0.22964853769690952,0.6531968104871754,-0.5832018187067063,1.1331438784611032,0.2761546517437239,0.805556504388601,-0.5618159568187231,1.4669035002338107,0.40557955528995393,1.0371013693573512,-0.3372678635903684
136,120,15,0.9243742830663366,0.9243742830663366,0.23083079416925667,0.6544232153386589,-0.5832018187067067,1.1334760275228501,0.2770736899071633,0.8059359245017297,-0.5703705098939782,1.4628683152367319,0.4058789721345488,1.0339675776178145,-0.3372678635903684
136,120,20,0.9185253293799994,0.9185253293799994,0.2295479137554708,0.6503391983593617,-0.5832852843188843,1.1281695961485911,0.27641278774207745,0.8019455374976118,-0.5703705098939779,1.4512225198644502,0.40347310416559967,1.0265188413979003,-0.3372678635903683
136,125,5,0.9173497017100397,0.9173497017100397,0.22829826691603827,0.6497641119239825,-0.583396630428629,1.134416557502432,0.27648061793133616,0.8061539747396353,-0.5641511948819002,1.448916673143019,0.4004498999950288,1.0254452944038646,-0.33827671877014764
136,125,10,0.9215548597551871,0.9215548597551871,0.23015681030896307,0.6527500244468534,-0.5833966304286294,1.1289999448456065,0.27577071229785477,0.8028295005013855,-0.5642424714111006,1.4515297772552953,0.40273802866800334,1.0274960998688405,-0.33827671877014787
136,125,15,0.9189362600173872,0.9189362600173872,0.22982247312380322,0.6509647780908476,-0.583396630428629,1.1288153220939516,0.27653928554386353,0.802928592126559,-0.5727491189675136,1.4521312839567497,0.40423838568236437,1.0273660525874757,-0.3382767187701472
136,125,20,0.914223332306666,0.914223332306666,0.22882149810439012,0.6476734651865853,-0.5834800570289298,1.125585756530196,0.2764433518140965,0.8003386167290072,-0.5727491189675138,1.443481433253959,0.402684240140156,1.0219353195962793,-0.33841639956914293
136,130,5,0.9182876547601361,0.9182876547601361,0.22931640916335683,0.6502671984850666,-0.5859817818244155,1.127761011003997,0.2757657597791816,0.8019993905965029,-0.5684484896560476,1.4437207695510637,0.40073394113908023,1.022072325809505,-0.3430686182967798
136,130,10,0.9172968845017148,0.9172968845017148,0.2295065434879029,0.6498004538108962,-0.5859817818244153,1.1203597719450793,0.27437064899280794,0.7973038419746644,-0.5685388662352027,1.443893680311685,0.40194214504737524,1.0224832925932015,-0.34306861829678026
136,130,15,0.9170960575696311,0.9170960575696311,0.2298119173102524,0.6495403743264613,-0.5859817818244155,1.1242744516217338,0.27616715656560986,0.7998002652570688,-0.572749118967514,1.4414157844506894,0.4020378533008879,1.0207341982622253,-0.34306861829678004
136,130,20,0.9129153432239803,0.9129153432239803,0.22888083250508573,0.6467646731064467,-0.5860646907371296,1.1205693778909516,0.2756259791791007,0.7971715486531711,-0.5727491189675138,1.434663673078749,0.4006349584686786,1.0164650761841847,-0.34320728759085495
136,135,5,0.9122020568512346,0.9122020568512346,0.22817546360219243,0.6463306544394837,-0.5872747606202667,1.127082707829416,0.2766872644995564,0.8015263138020499,-0.5705978657106922,1.4378503178441984,0.40069757043696597,1.0184564725121206,-0.3449980455591303
136,135,10,0.9117097499571515,0.9117097499571515,0.22844375338052925,0.6461239110083107,-0.5872747606202671,1.118527132266577,0.27474527902327406,0.7959815153895106,-0.5706877921622252,1.4354518794633029,0.40088142471604504,1.0171601853017755,-0.34499804555912994
136,135,15,0.9090476682993922,0.9090476682993922,0.22792551255586702,0.6443159630740227,-0.5872747606202673,1.1177880307217116,0.27516205001582317,0.7955754815622371,-0.5748766014563649,1.4277739778617646,0.3988665446031716,1.0122074790654747,-0.34499804555913016
136,135,20,0.9044156534509733,0.9044156534509733,0.22678073421573908,0.6413199485406602,-0.587357410608468,1.1142104097794683,0.27452956568008524,0.7930947717790068,-0.5748766014563651,1.4222685521309584,0.3975677896164054,1.00862781970462,-0.3451363075773105
138,115,5,0.931022278454564,0.931022278454564,0.2311651986896499,0.6586397804988079,-0.581701328088294,1.1478462318206009,0.2785013494162585,0.8146164360037694,-0.5568717269199144,1.4822749645895124,0.407847890237673,1.046199194663085,-0.336298438144919
138,115,10,0.9265975161461197,0.9265975161461197,0.2305288362741167,0.6554833005446675,-0.5817013280882937,1.1500792888534996,0.280322729134606,0.8161561855040884,-0.5569645279332074,1.4803638926465121,0.4093722398589288,1.0447850270565555,-0.3362984381449188
138,115,15,0.9230121155391653,0.9230121155391653,0.23004693944739785,0.6531924328109615,-0.5817013280882941,1.1421344848480597,0.2791032525196464,0.8111330908134847,-0.5703705098939778,1.475753994132714,0.4101587833129674,1.041777544184815,-0.33629843814491844
138,115,20,0.9193747780856416,0.9193747780856416,0.22937048102071667,0.6506021730859387,-0.5817013280882937,1.1299246013225002,0.276263067899446,0.802829183170446,-0.570370509893978,1.4654989672657226,0.4074605460108516,1.0351318765244317,-0.3362984381449189
138,120,5,0.9238645837268892,0.9238645837268892,0.22983492746762768,0.6542445752625724,-0.5832018187067067,1.132078039696097,0.2753214749534849,0.8047431875480499,-0.5617241720164214,1.4632552979136957,0.40397766100754895,1.034547656271253,-0.34042914322402074
138,120,10,0.9235443796761241,0.9235443796761241,0.23035372974012236,0.6538856438720582,-0.5832018187067066,1.136817590440347,0.27770672642860283,0.8079726154539624,-0.5618159568187235,1.4642398324430448,0.4060397392926378,1.035069862679617,-0.34042914322402096
138,120,15,0.9210387074439721,0.9210387074439721,0.23019389824055891,0.6522797791419369,-0.5832018187067066,1.134967553851826,0.27808462293327274,0.806780603595571,-0.5703705098939775,1.4617429978989012,0.40706934746912316,1.033406898372201,-0.3404291432240212
138,120,20,0.9177343629754439,0.9177343629754439,0.22958917554046776,0.6498924268140448,-0.5910870530820234,1.1267558748538942,0.2763662403283722,0.8010549651900524,-0.570370509893978,1.4530153924458915,0.4048863165910783,1.0277773510469401,-0.34042914322402074
138,125,5,0.9262291787312465,0.9262291787312465,0.23135867050212178,0.6557450565637384,-0.5833966304286293,1.1306678005748807,0.2759254284532018,0.8038232215318344,-0.5641511948819,1.448387911377161,0.4012203834188828,1.0253421212458922,-0.34042914322402096
138,125,10,0.9186233868464163,0.9186233868464163,0.22949866077708347,0.6507577840185199,-0.5833966304286297,1.1301085584302881,0.2765540025853077,0.8036302237161704,-0.564242471411101,1.4481699476611634,0.4024988828410916,1.0249705992911697,-0.3404291432240206
138,125,15,0.918564304425423,0.918564304425423,0.23007147025626717,0.6507505665198055,-0.5833966304286294,1.1294707468864846,0.27729389673013904,0.8032654605628532,-0.5727491189675138,1.4493359454579038,0.4046241441567877,1.0257344664445633,-0.3404291432240214
138,125,20,0.9154023160055839,0.9154023160055839,0.2294631105732916,0.6484709801668607,-0.591278190687782,1.120699948494042,0.27538082110746376,0.7971853420234133,-0.5727491189675137,1.441856478320893,0.4027058417195353,1.020963852428047,-0.34042914322402074
138,130,5,0.9213512323614732,0.9213512323614732,0.2306340088033232,0.6524689127745986,-0.5859817818244146,1.1291006276169306,0.2767045423456329,0.8028887428931708,-0.5684484896560471,1.4405934116512629,0.40055057884252343,1.0203441340290327,-0.3430686182967805
138,130,10,0.9128897547486848,0.9128897547486848,0.228364840486458,0.6469200185854996,-0.5859817818244144,1.127206904040641,0.27682950543404705,0.8018381506411545,-0.5685388662352028,1.4379299939396006,0.40070096570118796,1.0185544887928897,-0.34306861829678015
138,130,15,0.9149561036000462,0.9149561036000462,0.22946210969142777,0.6481736761916214,-0.5859817818244142,1.1291151019502232,0.27807785303240795,0.8028495004400321,-0.5727491189675138,1.4339472698118125,0.4005881484559728,1.01618485795977,-0.34306861829678015
138,130,20,0.9139605440410576,0.9139605440410576,0.22948091684871552,0.6474691633144949,-0.591278190687782,1.120127875813235,0.2758656287889789,0.7969055994052678,-0.5727491189675136,1.431268995798108,0.4000573960019487,1.0143752806999848,-0.34320728759085506
138,135,5,0.9174139515397672,0.9174139515397672,0.23013801025107838,0.6499188497340159,-0.5872747606202672,1.127886244628647,0.27741313940166434,0.8021080683818963,-0.5705978657106916,1.4341259103967088,0.4002349824452782,1.0163509499397592,-0.34499804555913016
138,135,10,0.9102691657751901,0.9102691657751901,0.2282031149700352,0.6452130378485527,-0.5872747606202666,1.1228516483370856,0.2764967213378937,0.7989557951913964,-0.5706877921622249,1.4309449369782876,0.4000001687660504,1.0143350944661924,-0.3449980455591303
138,135,15,0.9089270634702097,0.9089270634702097,0.22815115801129227,0.6442886888512319,-0.5872747606202668,1.1190142501051334,0.2759237298680106,0.7964035388063816,-0.5748766014563653,1.421338782391748,0.39749610664075075,1.008296777380668,-0.34499804555913016
138,135,20,0.9055996992293157,0.9055996992293157,0.22737697856007744,0.6421182174863477,-0.5925546591369095,1.1126607108693258,0.27443446712291686,0.7922478282696226,-0.5748766014563649,1.4196859762141312,0.39726742034485385,1.007153274255088,-0.3451363075773105
140,115,5,0.9308955751136253,0.9308955751136253,0.23160747169267548,0.6585924397176396,-0.5817013280882941,1.1541649124391817,0.28100548975289175,0.8190232446230749,-0.5568717269199145,1.4823695096349436,0.40935394743563225,1.0466630507154278,-0.33629843814491855
140,115,10,0.9294141085280468,0.9294141085280468,0.23174111553334686,0.6574175247547315,-0.5817013280882937,1.1413193196508578,0.27852744563970466,0.8107490990113486,-0.5703705098939779,1.4783463205995684,0.41012729164338135,1.0434392467440128,-0.3362984381449189
140,115,15,0.9248840024775213,0.9248840024775213,0.23083913821651114,0.6543477679126803,-0.5817013280882942,1.1379188952681771,0.27831042357720404,0.8083746170367102,-0.5703705098939778,1.4726968314571514,0.41002275393821086,1.0401309396050706,-0.3362984381449192
140,115,20,0.9255375836834321,0.9255375836834321,0.23144804564509958,0.654631313147957,-0.5817013280882939,1.1291532091025058,0.2763736058886317,0.8024110960903668,-0.570370509893978,1.444080872063718,0.4017690503564235,1.0220109056086688,-0.3491405821901822
140,120,5,0.925213307395679,0.925213307395679,0.23073510410376663,0.6552204602164662,-0.5832018187067065,1.139430768336116,0.2781208927843388,0.8098023594112284,-0.5617241720164221,1.466580317194029,0.4063862192715755,1.0369825817994847,-0.34042914322402096
140,120,10,0.9276073177511147,0.9276073177511147,0.2319231715661636,0.656574231879954,-0.5832018187067066,1.1329995001060797,0.2772243055901269,0.8056497367845887,-0.5703705098939776,1.4635441692169857,0.40688316269094016,1.0346408941511787,-0.34042914322402107
140,120,15,0.9226570989043728,0.9226570989043728,0.23090655953566297,0.6532703243804295,-0.5832018187067071,1.1314776815558971,0.27757241983705905,0.8045469702385591,-0.5703705098939778,1.4599136506051453,0.4073329097782521,1.0325451198012572,-0.34042914322402074
140,120,20,0.9224743420749472,0.9224743420749472,0.23125804257100224,0.6529876681109765,-0.5910870530820238,1.1258919623748906,0.2765047347152121,0.8006023122925284,-0.570370509893978,1.4363499600748721,0.40059828988128254,1.01761116314796,-0.3502685421445021
140,125,5,0.92431337899728,0.92431337899728,0.2311636215628612,0.6545297340262056,-0.5833966304286289,1.133465447271978,0.27722506101878985,0.8058620008739382,-0.5641511948819005,1.4483094758992148,0.40214122637291716,1.0255150540513451,-0.3404291432240214
140,125,10,0.92269073571142,0.92269073571142,0.23109338627976284,0.6534763755679401,-0.583396630428629,1.1265824844064782,0.27609780341727297,0.8014885464383178,-0.5727491189675138,1.446597060937731,0.40276933463906506,1.0240094552288532,-0.34042914322402085
140,125,15,0.9203149762024543,0.9203149762024543,0.23084312256200934,0.6518496270291301,-0.5833966304286295,1.1264920653084491,0.2768239569495454,0.8013521633737339,-0.5727491189675133,1.4447920895055355,0.40380633063481297,1.0231118684793508,-0.3404291432240216
140,125,20,0.9150514370716116,0.9150514370716116,0.22949418983436787,0.6482113469198575,-0.5912781906877824,1.1192975941297665,0.27529649866903716,0.7963465479153807,-0.5727491189675137,1.4265721990135494,0.39849030732964774,1.011500571084346,-0.3502685421445021
140,130,5,0.9180380676609334,0.9180380676609334,0.22991767733109714,0.65031230311759,-0.5859817818244146,1.128646682285001,0.27701009359161,0.8027408314357825,-0.5684484896560473,1.4372696702267622,0.40025343146261805,1.0184187410797774,-0.34306861829678004
140,130,10,0.9182214672749159,0.9182214672749159,0.23029586070743724,0.6503600286327057,-0.5859817818244146,1.1244812647387774,0.2764429131423276,0.8001406033297289,-0.5727491189675131,1.4361697805488522,0.40084598934463234,1.0175500522186103,-0.3430686182967806
140,130,15,0.9178747599483243,0.9178747599483243,0.23059321216914275,0.6501093006494248,-0.5859817818244151,1.127425461831782,0.2778437260643907,0.801721094884487,-0.5727491189675139,1.4323639219083335,0.4005778740728938,1.015270219961601,-0.34320728759085495
140,130,20,0.91399237585256,0.91399237585256,0.2296252433009951,0.6474788311071447,-0.5912781906877822,1.1215943417628387,0.2765603188081853,0.7978285294711179,-0.5727491189675136,1.419201681422067,0.3967160782897128,1.0067816477219795,-0.35316000935813585
140,135,5,0.9155982330275675,0.9155982330275675,0.22982387547069183,0.6487161050561467,-0.5872747606202671,1.1227524309410104,0.2764372686408525,0.7990060875184077,-0.5706877921622253,1.4307376250148462,0.3998973146370257,1.0144261404422232,-0.3449980455591303
140,135,10,0.9131004067046393,0.9131004067046393,0.22934366485285018,0.6470536104355639,-0.5872747606202673,1.1163742595829014,0.27509842266433937,0.7949984400612804,-0.5748766014563651,1.4258870395443555,0.39891571067921516,1.0113497639605356,-0.34499804555913016
140,135,15,0.9117127286725,0.9117127286725,0.2292268664913708,0.6461816994825097,-0.5872747606202675,1.1172498083686937,0.27569936204849155,0.7953021004840779,-0.5748766014563651,1.4200458215847926,0.39757193190997064,1.007579870427418,-0.3451363075773102
140,135,20,0.9054333438261651,0.9054333438261651,0.22746392547763006,0.6420087190581548,-0.5925546591369092,1.1135737143799125,0.2750073240375779,0.7928713547468353,-0.5748766014563649,1.4094926476281853,0.394443666875949,1.0008372432529757,-0.354069560335705
142,115,5,0.9310715391578421,0.9310715391578421,0.23203461565424344,0.6586163070435168,-0.5817013280882948,1.152973366821724,0.2814494208837648,0.8180995977767568,-0.5569645279332069,1.4846834940229792,0.4112991087551736,1.047901701233843,-0.3362984381449189
142,115,10,0.9324148328715509,0.9324148328715509,0.23305454863256259,0.6593049483378353,-0.5817013280882934,1.144425470286796,0.27996166593871186,0.8129288097660776,-0.5703705098939779,1.4764601963934687,0.4107977972357151,1.0421805099915662,-0.3362984381449191
142,115,15,0.9284759315415937,0.9284759315415937,0.23223170954592565,0.6564612001963339,-0.5817013280882936,1.1361813640605147,0.27837339875972145,0.8069763784982117,-0.5703705098939781,1.4675923823778745,0.4089859490211729,1.0366294699745566,-0.3362984381449189
142,115,20,0.9274543395024334,0.9274543395024334,0.23233176094717,0.6559189558750578,-0.581701328088294,1.1317779325671622,0.27759629776842454,0.8042009049309236,-0.5703705098939781,1.445912351854658,0.4029040998817026,1.0232630351090226,-0.3491405821901823
142,120,5,0.9273372139736024,0.9273372139736024,0.23170083016801368,0.6565611972451569,-0.5832018187067063,1.1385476642437224,0.27850974417974994,0.8091299047137265,-0.5618159568187235,1.4704441915228605,0.40855101159666884,1.0393966582163792,-0.3404291432240213
142,120,10,0.9321249402162356,0.9321249402162356,0.2337009005975299,0.6594650527392023,-0.5832018187067065,1.1363471129749814,0.2787064302371234,0.8079529396326145,-0.5703705098939781,1.4643495824890702,0.40829581613197385,1.035030881497366,-0.3404291432240206
142,120,15,0.9262300749052005,0.9262300749052005,0.23229233312519826,0.6553533749024314,-0.5910870530820242,1.1307037292004876,0.2778454083818942,0.8037059308234439,-0.5703705098939774,1.4570068724215075,0.40699724139880145,1.0304938342787668,-0.34042914322402096
142,120,20,0.9252373349773623,0.9252373349773623,0.23239235962379468,0.6548258915231949,-0.5910870530820236,1.1283571160909205,0.2776505857408291,0.8022452444825777,-0.5703705098939778,1.4389031813233344,0.40192081531482016,1.0193190225823054,-0.3502685421445022
142,125,5,0.9222759085209611,0.9222759085209611,0.23076675654134027,0.6531163173997873,-0.58339663042863,1.1313207978377102,0.27717865570115485,0.8044217749988238,-0.564242471411101,1.4500064288836017,0.40348529038661796,1.026493081851841,-0.34042914322402074
142,125,10,0.9262107758951087,0.9262107758951087,0.2325183309427501,0.6556775545930511,-0.5833966304286293,1.1312539225326879,0.27797288167497647,0.8046900888203494,-0.5727491189675133,1.4492283112937168,0.4047063459596598,1.0256131707722096,-0.3404291432240212
142,125,15,0.9207405136706605,0.9207405136706605,0.23118020690885777,0.6518795646243853,-0.5912781906877822,1.1244268016931174,0.2767363835666288,0.7996768994875681,-0.5727491189675138,1.4431494693215188,0.403672195575145,1.021940711043138,-0.34042914322402096
142,125,20,0.9180176863259901,0.9180176863259901,0.23060933443185738,0.650133930207727,-0.5912781906877822,1.1227293073783615,0.27672168193270186,0.7986452964698533,-0.572749118967514,1.4291926812286384,0.3997505775297099,1.0132530261383128,-0.35026854214450187
142,130,5,0.9161925077897269,0.9161925077897269,0.22955000355127386,0.6491078518249599,-0.5859817818244146,1.1281398809385175,0.2773505186197729,0.802394853766691,-0.5685388662352027,1.4361356166048294,0.4005885937412934,1.0175273982119373,-0.34306861829678026
142,130,10,0.9199982623175639,0.9199982623175639,0.2311671387391825,0.651455529295738,-0.5859817818244144,1.1302788521676796,0.27862936251725223,0.8038432652806705,-0.5727491189675133,1.434602534200759,0.4011153693652665,1.0165934113111255,-0.34306861829678015
142,130,15,0.9171789764481982,0.9171789764481982,0.23059991090837761,0.6495791849037207,-0.5912781906877824,1.1238798416115914,0.27721414313271464,0.7993903470367485,-0.572749118967514,1.4295419001540857,0.4000012225171503,1.0134517924504456,-0.34320728759085495
142,130,20,0.9166158587630736,0.9166158587630736,0.23066440609801275,0.6492249571202038,-0.5912781906877824,1.1250222310553262,0.2779630968279394,0.8001106111891226,-0.5727491189675138,1.4200375921231583,0.39733940002142365,1.0074023374323429,-0.35316000935813563
142,135,5,0.9135941744939688,0.9135941744939688,0.22938403254572637,0.647390717489825,-0.587274760620267,1.1230361423451234,0.2768220970336901,0.799075348512772,-0.5706877921622252,1.432289064431422,0.4009064714025983,1.0152978571985392,-0.3449980455591303
142,135,10,0.9144085842606591,0.9144085842606591,0.229996546390709,0.6478402450795686,-0.5872747606202671,1.1201596318211493,0.27656998609474415,0.7972809121947358,-0.5748766014563644,1.4249797903238826,0.3991912070968249,1.0107253308142865,-0.34499804555913005
142,135,15,0.9102232285430182,0.9102232285430182,0.2289529388305649,0.6451234616809195,-0.5925546591369097,1.115468788678736,0.2755948573827469,0.7941163461417804,-0.5748766014563649,1.4194224445020853,0.3976158552333384,1.0071598030899795,-0.3451363075773102
142,135,20,0.9096297115107072,0.9096297115107072,0.22901115858845045,0.644790198411806,-0.5925546591369093,1.1183224417639135,0.2768145083565594,0.7959987549552856,-0.5748766014563653,1.411509079978186,0.39538403825488166,1.0021962329905105,-0.35406956033570447
142,140,5,0.9205571177946835,0.9205571177946835,0.23200186291405211,0.6513729730919221,-0.5896433198894551,1.1259890767258012,0.27833529053174755,0.8004282998175869,-0.5725202640840248,1.4322790053547845,0.4016846089831876,1.0149349445770999,-0.34550096311792133
142,140,10,0.9176767123677089,0.9176767123677089,0.23143125234891793,0.6495180171867599,-0.5896433198894535,1.1234419228019985,0.27806893167613445,0.7990018294577426,-0.574876601456365,1.4265032627228225,0.400431919950037,1.0114894783914372,-0.3455009631179219
142,140,15,0.9166080975998375,0.9166080975998375,0.2313750725646837,0.648892812067432,-0.5925546591369091,1.1192954145799443,0.27716453261912166,0.7963274234438152,-0.5748766014563647,1.4240400173110321,0.39993196929246855,1.009949483668753,-0.34563911897703437
142,140,20,0.9140575487106612,0.9140575487106612,0.23081244032442405,0.647256943178242,-0.592554659136909,1.1202125199631254,0.2778657505435036,0.796927698249869,-0.5748766014563647,1.4158569195423159,0.3975457248527785,1.004910918750809,-0.3545653987024836
144,115,5,0.9289818672855928,0.9289818672855928,0.23181552793358273,0.6572169540127678,-0.5817013280882939,1.1522233628530467,0.28178682093450114,0.8177288265949156,-0.5569645279332076,1.4839033836197295,0.4121031691226491,1.0473219296849703,-0.33629843814491933
144,115,10,0.9226657061534634,0.9226657061534634,0.23048890580069736,0.6530686356763868,-0.5817013280882939,1.1429408917913584,0.2803074609385292,0.8120009749731171,-0.5703705098939778,1.474059254555403,0.4110707267495022,1.0411002550107875,-0.3362984381449188
144,115,15,0.9203993465826983,0.9203993465826983,0.2301813615539856,0.651478361205987,-0.5817013280882939,1.1346898734063762,0.27842158473240675,0.8061496928779425,-0.5703705098939778,1.4560021014517495,0.40618071602355954,1.0295905274005612,-0.34914058219018207
144,115,20,0.9185773662979803,0.9185773662979803,0.23008930704658193,0.650446652581427,-0.5817013280882941,1.1256293366608565,0.2765776545978722,0.8005387098836376,-0.5703705098939775,1.4537179082319986,0.406283844551417,1.0283940317223188,-0.3491405821901822
144,120,5,0.9254573068656567,0.9254573068656567,0.23150394309326816,0.6553021520831054,-0.5832018187067067,1.139507525442089,0.27931355563348537,0.8098824058335513,-0.5618159568187231,1.4705640885963727,0.4096462608092164,1.0394186109494865,-0.34042914322402096
144,120,10,0.9205962810031889,0.9205962810031889,0.2305947559309045,0.6521010556162462,-0.5832018187067061,1.1361211538611478,0.2794233077696173,0.8078628219820644,-0.5703705098939773,1.4620225732674605,0.4085682007534892,1.0339826295855463,-0.34042914322402096
144,120,15,0.9182939977623643,0.9182939977623643,0.230264042339267,0.6504545556345875,-0.5910870530820236,1.1314181958969758,0.27853065027154034,0.8042934141672233,-0.5703705098939778,1.4478803742157387,0.40492498293297485,1.0249633065579722,-0.3502685421445022
144,120,20,0.9173627182832916,0.9173627182832916,0.23041738293723246,0.6500198423033624,-0.591087053082024,1.1243877052186058,0.27721316963068654,0.800050431183658,-0.5703705098939778,1.4466898472312222,0.40529819114779575,1.0244439407242707,-0.3502685421445023
144,125,5,0.9207617713489211,0.9207617713489211,0.23067498518474716,0.6523176185605442,-0.5833966304286289,1.1330133041180261,0.2780717230252303,0.8056806149633068,-0.5642424714111007,1.45148831413731,0.4047646609820543,1.0273610110367375,-0.3404291432240213
144,125,10,0.9183957105771678,0.9183957105771678,0.23051434887186262,0.6507494527489303,-0.5833966304286295,1.1302838444347136,0.27837175827040483,0.8041063362613492,-0.5727491189675136,1.4457001687753879,0.4045840029158223,1.023738343064332,-0.3404291432240206
144,125,15,0.9147089617713408,0.9147089617713408,0.22970903042206148,0.6481730220400787,-0.5912781906877823,1.1249886491318417,0.27728378621072336,0.800165035142099,-0.5727491189675133,1.4368375387858217,0.4023567684604259,1.0180133662261672,-0.3502685421445022
144,125,20,0.9122311517228048,0.9122311517228048,0.22925937704515187,0.6466771003580151,-0.5912781906877824,1.1180326406167695,0.27596760387099706,0.7959594816679713,-0.5727491189675133,1.4356916934509318,0.4027292119512491,1.0175160848198501,-0.3502685421445022
144,130,5,0.9130921724509622,0.9130921724509622,0.228912309460376,0.647212270477539,-0.5859817818244151,1.1293834326422674,0.2780305800427614,0.8034094489291204,-0.5685388662352029,1.437815917217588,0.40172785090195196,1.018818881672179,-0.34306861829678026
144,130,10,0.9147621996838056,0.9147621996838056,0.2298782278894207,0.6481937359603432,-0.5859817818244143,1.1290566419757664,0.2786601987512274,0.8029870042401408,-0.5727491189675142,1.4306680965603464,0.4003512430074867,1.0142417978990674,-0.3430686182967798
144,130,15,0.9126800200286481,0.9126800200286481,0.22952067510755758,0.6467880941277193,-0.5912781906877823,1.12336965202237,0.2773972253948196,0.7991856679678251,-0.5727491189675138,1.4232097910242774,0.39858368841054603,1.0095240754257144,-0.35316000935813585
144,130,20,0.9103578849729184,0.9103578849729184,0.2291244665691612,0.645325450848053,-0.5912781906877824,1.117740134358227,0.2764077970577943,0.7955245362763476,-0.5727491189675138,1.425707997543071,0.39994737938266445,1.0111396399521813,-0.35316000935813574
144,135,5,0.9085586607002503,0.9085586607002503,0.2281025105206098,0.6442128020406311,-0.5872747606202673,1.1255342180073502,0.27792038006138475,0.8009020360416912,-0.5706877921622251,1.4338336059074728,0.40200231023901756,1.016536140521399,-0.34499804555913016
144,135,10,0.9075334029549079,0.9075334029549079,0.2281251626659928,0.6435054207217101,-0.5872747606202673,1.118411721092575,0.2763857596093391,0.7962168539508218,-0.574876601456365,1.4206107883468742,0.39806238617434,1.007979332284523,-0.3449980455591307
144,135,15,0.9029003317834113,0.9029003317834113,0.226920543144987,0.6404504198433529,-0.5925546591369101,1.114866677064325,0.2757009024434405,0.7938728154542011,-0.5748766014563649,1.415721459063589,0.39702434351334914,1.004989843437849,-0.3540695603357047
144,135,20,0.9035952504773749,0.9035952504773749,0.22744733030932096,0.6409666114914546,-0.5925546591369102,1.1146531857392723,0.27625929941497995,0.7937009421256895,-0.5748766014563653,1.4182260127791526,0.39838647579550646,1.0066107835325389,-0.3540695603357047
144,140,5,0.9155970503508917,0.9155970503508917,0.23068814938355997,0.648187875935252,-0.5896433198894544,1.1276568970169794,0.2792204951510824,0.8017501833664751,-0.5725202640840243,1.4272977932240283,0.40045116664458447,1.0119452957670543,-0.34550096311792144
144,140,10,0.9137561892677571,0.9137561892677571,0.23040908071242527,0.6470648441287122,-0.5896433198894548,1.121203792719803,0.2777605582995588,0.7977199650169281,-0.5748766014563648,1.4209619016769475,0.3988169917307154,1.0079854402989639,-0.3455009631179218
144,140,15,0.9131057541482344,0.9131057541482344,0.23048687792193823,0.646689559494875,-0.5925546591369095,1.1182662273902593,0.27720155070187746,0.7957730139930198,-0.5748766014563651,1.414753425227026,0.39727361018458685,1.0042255235260762,-0.35456539870248327
144,140,20,0.9094373379448857,0.9094373379448857,0.2296023942852401,0.6443255342087443,-0.59255465913691,1.113265604201398,0.276227801589368,0.7926714217502097,-0.5748766014563649,1.4160683137538699,0.39829972560044125,1.0051272621772043,-0.3545653987024836
146,115,5,0.9278666193931698,0.9278666193931698,0.23186986546154875,0.6565623620339238,-0.5817013280882941,1.1438594289687454,0.2802985148659254,0.8125561447361896,-0.5704157646179038,1.4821302572011508,0.41308816461476794,1.0462469562873769,-0.336298438144919
146,115,10,0.9217030593812409,0.9217030593812409,0.23047457159955997,0.6522450399544852,-0.581701328088294,1.1360123140730785,0.27890925036171343,0.8069047645923842,-0.5704157646179036,1.4671146899950143,0.4096033503209764,1.0366656878922187,-0.33629843814491867
146,115,15,0.9221837832407176,0.9221837832407176,0.2310412645667701,0.6525769276895624,-0.5817013280882937,1.1297668428826613,0.27743181936525074,0.8029469032463817,-0.5704157646179036,1.4456719281996833,0.4035806170272438,1.0234379487795202,-0.3491405821901823
146,115,20,0.9128884720626991,0.9128884720626991,0.22886242915292576,0.646851764133056,-0.5817013280882939,1.1240938589069702,0.2764146043044371,0.7994880210956262,-0.5704157646179036,1.4291060579830932,0.39986130092442784,1.0136891619920085,-0.34914058219018196
146,120,5,0.928007021782696,0.928007021782696,0.23263441270073826,0.6570024808873439,-0.5832018187067063,1.1373243794317793,0.27948117800075667,0.8085793505650963,-0.5704157646179036,1.4699884670881078,0.4106250435803811,1.0391087928333809,-0.34042914322402096
146,120,10,0.9221878896648843,0.9221878896648843,0.23134965412941533,0.652939265900342,-0.5832852843188843,1.1320616924111087,0.27881904106061106,0.8046233307499683,-0.5704157646179038,1.4584126648037208,0.4082110537022947,1.0317028358090794,-0.34042914322402074
146,120,15,0.920778369884734,0.920778369884734,0.23133699049014633,0.6520197537375815,-0.5910870530820234,1.1278664858430116,0.2779237961151173,0.801975939168146,-0.5704157646179029,1.440519151431612,0.40319201193715837,1.0206560901447908,-0.3502685421445022
146,120,20,0.9131742175802273,0.9131742175802273,0.2294197178423465,0.6471940566861665,-0.5910870530820238,1.124183498529851,0.27743293139869585,0.7998641697594108,-0.5704157646179036,1.429577408633999,0.400935471612081,1.0140720829552303,-0.3502685421445024
146,125,5,0.9238049151007406,0.9238049151007406,0.23195508630811057,0.6543289332422332,-0.5833966304286291,1.1313206352905627,0.2783319939552489,0.8047592287231367,-0.5727941231423046,1.4528572645013875,0.4063026708214128,1.028267231804029,-0.3404291432240213
146,125,10,0.9191060161641648,0.9191060161641648,0.23095237724801265,0.6510487227979703,-0.5834800570289292,1.128120242552532,0.2782359366270295,0.8021914853235431,-0.5727941231423045,1.4442798895928952,0.40474624062470466,1.0228762551710584,-0.34042914322402074
146,125,15,0.9159640210827442,0.9159640210827442,0.23026909359898728,0.648911198614942,-0.5912781906877813,1.1216750697314655,0.27669355209216806,0.7980509249565431,-0.5727941231423046,1.430524341325114,0.40088328399669315,1.0143134031136551,-0.35026854214450187
146,125,20,0.9090929952964977,0.9090929952964977,0.22856778795518973,0.6445732749116232,-0.5912781906877822,1.1180380141006054,0.27620317338040423,0.795961645062239,-0.5727941231423043,1.4214512452876151,0.3990694879221264,1.0089660690097466,-0.35026854214450187
146,130,5,0.9189416201558672,0.9189416201558672,0.23101820301857412,0.6509762316440042,-0.5859817818244146,1.1287008473213918,0.2783885484817572,0.8028443851396952,-0.5727941231423044,1.4362558629623374,0.40201110544306373,1.0178840386961039,-0.34306861829678004
146,130,10,0.9147872250942182,0.9147872250942182,0.23008621658149497,0.6482166724841282,-0.5860646907371301,1.1250095266705422,0.2778464402041745,0.800226524786926,-0.5727941231423044,1.4295809709207559,0.4006082373750621,1.0136546695136386,-0.3432072875908554
146,130,15,0.9145342991750753,0.9145342991750753,0.23026741410385942,0.6479542594058161,-0.5912781906877826,1.1224815098801435,0.2773886085993824,0.7985567978522443,-0.5727941231423046,1.4202694188101803,0.3980067962627798,1.0077253997956668,-0.35316000935813563
146,130,20,0.9080934955349917,0.9080934955349917,0.22868141195883762,0.6437975006317226,-0.5912781906877823,1.1177666795994785,0.27660632851048117,0.7955533937549899,-0.572794123142305,1.4138547951896228,0.39700139022857384,1.0040140915446782,-0.35316000935813585
146,135,5,0.9122134703392847,0.9122134703392847,0.22945385082663328,0.646521965499989,-0.5872747606202676,1.1181307788223607,0.2762164973986947,0.7960986361551282,-0.5749213815342653,1.4240372656513167,0.39912980019301103,1.0103017771234442,-0.3449980455591305
146,135,10,0.9075999618521645,0.9075999618521645,0.2283076639790227,0.64353838851729,-0.5873574106084682,1.114581597112834,0.27558351236781853,0.7936353868895164,-0.5749213815342655,1.4185813357153276,0.3978308007908562,1.0067478183746053,-0.34513630757730995
146,135,15,0.9057380030078871,0.9057380030078871,0.22796053632702296,0.642257670755837,-0.5925546591369093,1.113781654071136,0.27559768447393274,0.7931345373312318,-0.5749213815342661,1.4108567755455799,0.39566007277742865,1.0019020560356884,-0.3540695603357049
146,135,20,0.9033353349099994,0.9033353349099994,0.22761307529521368,0.6407051691855963,-0.5925546591369097,1.1134573409285895,0.2760511707193849,0.7929329693947135,-0.5749213815342655,1.40769063558486,0.39557864831159884,1.0001252122483044,-0.3540695603357047
146,140,5,0.9165965808752815,0.9165965808752815,0.23121589450584712,0.6488259280837483,-0.5896433198894546,1.1195438651076655,0.27710776609084076,0.7965439690076666,-0.574921381534266,1.4229258869715113,0.3994482881188812,1.0093021447148656,-0.3455009631179221
146,140,10,0.9124225690034266,0.9124225690034266,0.2301736908244334,0.6462052091609751,-0.5897254955635671,1.1163407915802093,0.2764898986700437,0.7944888554409982,-0.5749213815342655,1.421508339570201,0.39949674400895074,1.008460480613639,-0.3456391189770346
146,140,15,0.9130525986088492,0.9130525986088492,0.23061296972903245,0.6465882414574258,-0.5925546591369097,1.1146086298539104,0.276278365012808,0.7933412885027766,-0.5749213815342654,1.4135166094969298,0.3971727402180949,1.0035394753230262,-0.3545653987024834
146,140,20,0.903799953189443,0.903799953189443,0.22801804986134955,0.640667269145934,-0.5925546591369095,1.1115152305814722,0.2757996850299773,0.7915305009678603,-0.5749213815342656,1.4063606824205577,0.39557617852815397,0.9992427315291592,-0.3545653987024834
148,115,5,0.9273436086266067,0.9273436086266067,0.23219601790273559,0.65599371427929,-0.5817013280882938,1.1489484924959117,0.28243538876623364,0.8157243453186922,-0.5704157646179033,1.4751081016427205,0.4121786105813783,1.0414220459306955,-0.33629843814491933
148,115,10,0.9237334329302558,0.9237334329302558,0.23151837342285586,0.6534261093198388,-0.5817013280882937,1.1368019553729785,0.279587805304617,0.807468391707203,-0.5704157646179036,1.4649491599171314,0.4094765084852099,1.0348353209734287,-0.33629843814491855
148,115,15,0.9243207833789266,0.9243207833789266,0.23205822935383846,0.653921618479871,-0.5817013280882943,1.1381248869494403,0.2804108192192336,0.8084195658769402,-0.5704157646179036,1.4466520151472093,0.4047937834656663,1.023666666873721,-0.3491405821901822
148,115,20,0.9198959615288772,0.9198959615288772,0.23132346312720276,0.6511845078332241,-0.5817013280882937,1.1226063498120868,0.27697814432274037,0.7990408010718979,-0.5704157646179032,1.4268892260727246,0.3995667009908488,1.0118932967189693,-0.3491405821901823
148,120,5,0.9227051219018636,0.9227051219018636,0.23142631927109414,0.6532360088734915,-0.5832018187067058,1.1393680126263483,0.28047985748808846,0.8097323587193502,-0.5704157646179036,1.4658912482542483,0.41059661467500774,1.036107255089764,-0.34042914322402107
148,120,10,0.9194349844546815,0.9194349844546815,0.23082100143348705,0.6508760864001304,-0.5910870530820231,1.1311996731322054,0.2787582544943972,0.8040396986880566,-0.5704157646179029,1.4572239901482407,0.4084081113351836,1.0305183228503487,-0.34042914322402107
148,120,15,0.9203593661751273,0.9203593661751273,0.23146224865610399,0.6515980402952373,-0.5910870530820236,1.1325365754022496,0.27958071240748983,0.8049991503925069,-0.5704157646179033,1.4424491680658282,0.40472777061293574,1.0215170520920007,-0.3502685421445024
148,120,20,0.9172931077249818,0.9172931077249818,0.23088860081943152,0.6495371527574987,-0.5910870530820231,1.116980737659846,0.2757354924783071,0.7953845167661763,-0.5704157646179036,1.4282905456778343,0.4009627082055236,1.0128964443182504,-0.350268542144502
148,125,5,0.9212831405463163,0.9212831405463163,0.2315340955320253,0.6524361816159282,-0.5833966304286291,1.1341605874395322,0.27957978950385076,0.8064508748989727,-0.5727941231423042,1.4515281423871829,0.4070295784394107,1.0271664291076739,-0.34042914322402085
148,125,10,0.9181429469647996,0.9181429469647996,0.23092502315549113,0.6501750373350493,-0.5912781906877824,1.12542009743606,0.2776632901697238,0.8003942179195727,-0.5727941231423042,1.4440933718628834,0.4051079908881545,1.0224245424394767,-0.34042914322402174
148,125,15,0.916152845832547,0.916152845832547,0.23054420312240986,0.6489131688730313,-0.5912781906877818,1.1267703722729991,0.27848504383549666,0.8013619197864962,-0.5727941231423046,1.433423962922309,0.40258143743935126,1.0158899002539201,-0.3502685421445024
148,125,20,0.9137909302424924,0.9137909302424924,0.23018555823726983,0.6473265292793279,-0.5912781906877822,1.1113220878579073,0.27464312564017446,0.7917973737269145,-0.5727941231423042,1.42111429671065,0.3992612194440548,1.0084902881238322,-0.3502685421445022
148,130,5,0.9135819265198712,0.9135819265198712,0.22960296216753906,0.6473694469471611,-0.5859817818244146,1.1321090809000063,0.2797551615706788,0.8049455949095908,-0.5727941231423044,1.4334105858095556,0.40185202015236543,1.0158664737768057,-0.34306861829678015
148,130,10,0.9126071028334017,0.9126071028334017,0.22962176730810113,0.6466784834591013,-0.5912781906877822,1.1231547847108148,0.27754003407483596,0.7990236793400852,-0.5727941231423047,1.4307533184301542,0.4013207887545456,1.014070717107201,-0.3432072875908553
148,130,15,0.9126560070885205,0.9126560070885205,0.2298533125452642,0.646749882151134,-0.5912781906877825,1.127005332645551,0.2790177203784667,0.8015190712844047,-0.5727941231423046,1.424508095241679,0.4000529701481026,1.0101601062408665,-0.35316000935813585
148,130,20,0.9095264157919049,0.9095264157919049,0.22926648731296817,0.6445872601784963,-0.5912781906877826,1.1119584484736087,0.2752769194180573,0.7919675165621778,-0.5727941231423047,1.4148403994348164,0.39754371566919167,1.0043847478597419,-0.35316000935813574
148,135,5,0.9075953342351955,0.9075953342351955,0.22819747262701706,0.6434564758918465,-0.5872747606202675,1.1222454432355138,0.27761617990956466,0.7986141380949254,-0.5749213815342658,1.422894898588286,0.399081945926137,1.0092606878670958,-0.34499804555912994
148,135,10,0.9042935935989773,0.9042935935989773,0.22742325981694633,0.6413015544187639,-0.59255465913691,1.115912643225788,0.27612494173072366,0.7944727933699347,-0.5749213815342655,1.4212502154581652,0.39885300012346137,1.0081232978111978,-0.34513630757731006
148,135,15,0.9050014390567684,0.9050014390567684,0.22788285917976925,0.6418401698640132,-0.5925546591369095,1.1213095534931352,0.27809165446831674,0.7980081179691686,-0.5749213815342656,1.4165761471643905,0.39801370533233604,1.0052890051155035,-0.35406956033570514
148,135,20,0.9051201379205651,0.9051201379205651,0.2282791619878024,0.6417483056537899,-0.5925546591369091,1.1106930166082754,0.2756091556516693,0.7911901616122481,-0.5749213815342658,1.4101437783100301,0.3964309628802354,1.0014374225898592,-0.354069560335705
148,140,5,0.9120812073243654,0.9120812073243654,0.22996298717978347,0.6459270890723176,-0.5896433198894546,1.122406705013401,0.2782128494011462,0.7984338412174876,-0.574921381534266,1.4236556415511838,0.39993475330112527,1.0096083450075752,-0.3455009631179218
148,140,10,0.9115331799913576,0.9115331799913576,0.23007080218276776,0.6456108582592175,-0.5925546591369097,1.1179110184949395,0.277202759238504,0.795548457755188,-0.5749213815342659,1.421283903445803,0.39935146874313276,1.008057840837137,-0.3456391189770347
148,140,15,0.9104267400042031,0.9104267400042031,0.22996425322272285,0.6449506709263441,-0.5925546591369097,1.1185114434783865,0.27778500391070304,0.7959162463815544,-0.5749213815342654,1.4201414881388632,0.39980701191661927,1.007571448454346,-0.3545653987024836
148,140,20,0.9065645697698842,0.9065645697698842,0.2290017784555618,0.6423853425133291,-0.5925546591369091,1.1077570382518374,0.27499684226007415,0.7891752785887591,-0.5749213815342655,1.409128326395751,0.3964744784598466,1.0007977959439984,-0.3545653987024838
150,115,5,0.9243578034933788,0.9243578034933788,0.2315773115991966,0.6540491541882546,-0.5817013280882937,1.1384247143628885,0.2801000396291782,0.8090247441787033,-0.5770184273900453,1.4735065050320537,0.41315197315394037,1.0406869688018077,-0.33629843814491867
150,115,10,0.9250309381484833,0.9250309381484833,0.23218660117807044,0.6543487691370502,-0.5817013280882939,1.1297603392773101,0.2781605112849701,0.8031249014221685,-0.577018427390044,1.4451862190927862,0.4048799543653081,1.022744855949102,-0.3491405821901823
150,115,15,0.9172445134778052,0.9172445134778052,0.23043065185680356,0.6496541768329248,-0.5817013280882937,1.1239277913649648,0.2770816900073856,0.7995566132436313,-0.5770184273900448,1.451653560270641,0.40762791064362114,1.0269529994449988,-0.3491405821901822
150,115,20,0.920615002429912,0.920615002429912,0.23201733370687494,0.6515204983126051,-0.5899582220971025,1.1174577581277065,0.27654351930712484,0.7955346250109461,-0.5770184273900449,1.4320733608576404,0.4024232945372195,1.0152108443417338,-0.34914058219018196
150,120,5,0.9208961078194124,0.9208961078194124,0.23113727005406104,0.652064601986399,-0.5832018187067065,1.1295056490373132,0.2782439063616775,0.8034648711605162,-0.5770184273900438,1.4586099417501703,0.40900634042252304,1.0316211164416507,-0.34042914322402096
150,120,10,0.9207422417154869,0.9207422417154869,0.23148885079132775,0.6518045060206583,-0.5910870530820234,1.1239880792946368,0.2771756832256229,0.7995644774799338,-0.5770184273900447,1.435251710099448,0.40226371450204224,1.016809816206502,-0.3502685421445021
150,120,15,0.9144558951940086,0.9144558951940086,0.22993416675937128,0.6478761363833699,-0.5910870530820229,1.12014168603256,0.2766241017721225,0.7973394360933675,-0.5770184273900449,1.4417108434488033,0.40500655339453484,1.0210188037888626,-0.3502685421445024
150,120,20,0.9170387311665444,0.9170387311665444,0.23119758693129278,0.6492836392369423,-0.5910870530820234,1.1117484146032566,0.2751397075457298,0.7918411294369722,-0.5770184273900445,1.4277260585371545,0.4012737285542243,1.0124174145103222,-0.3502685421445021
150,125,5,0.9216439703944543,0.9216439703944543,0.23190000624880036,0.6526727556870824,-0.5833966304286291,1.1278633572966184,0.2782576183341978,0.802441478287706,-0.5770184273900444,1.444412433109781,0.4052985993652325,1.02280858406138,-0.3404291432240206
150,125,10,0.9164182131562841,0.9164182131562841,0.23054994703660392,0.6490619879646617,-0.5912781906877824,1.120718852337153,0.2767284681199138,0.7974689808077604,-0.5770184273900446,1.4263103413754268,0.39997696808435945,1.0112689933773376,-0.350268542144502
150,125,15,0.9119172629489236,0.9119172629489236,0.229503855261864,0.6462551961429247,-0.591278190687782,1.116904778647126,0.27617709326185547,0.7952605525691178,-0.5770184273900443,1.4327602582962113,0.40271533408281157,1.0154773702708704,-0.3502685421445021
150,125,20,0.9147527391944923,0.9147527391944923,0.23081402267752282,0.6478697541321733,-0.591278190687782,1.1066881379957163,0.2738879500803324,0.788656064330909,-0.5770184273900449,1.4206096545415046,0.39942774045455365,1.0080887194174684,-0.3502685421445023
150,130,5,0.9161263183690399,0.9161263183690399,0.23065355233057727,0.6491053832655791,-0.5859817818244147,1.1267610399446264,0.2785386378188137,0.801503287238383,-0.5770184273900447,1.4314230535406502,0.4015756781125186,1.0146025945286687,-0.3432072875908557
150,130,10,0.9122787297936072,0.9122787297936072,0.22968555497817067,0.6464962211420782,-0.5912781906877821,1.1209710485391442,0.277254533485743,0.7976350784163773,-0.5770184273900449,1.4183347048046318,0.39771113306500117,1.0061591479182455,-0.3531600093581363
150,130,15,0.9085917425201714,0.9085917425201714,0.2288801273983483,0.644133018939327,-0.5912781906877826,1.1163696762566087,0.27650536996262254,0.7947117780130467,-0.5770184273900445,1.4247792803708275,0.40044506707227345,1.0103683143668853,-0.3531600093581361
150,130,20,0.9109954291865947,0.9109954291865947,0.2299648689063729,0.6455281601561541,-0.5912781906877818,1.1069293423977438,0.2742101853374488,0.7887533194304127,-0.5770184273900445,1.415259277227476,0.3979680168241049,1.004599015351136,-0.35316000935813585
150,135,5,0.9102124707617401,0.9102124707617401,0.2292308421291236,0.6452243733555653,-0.5872747606202672,1.1180749111859072,0.2766297824550621,0.7959102106333972,-0.5770184273900443,1.421454748306322,0.3989392247727723,1.008373141439053,-0.3451363075773103
150,135,10,0.9039715506192337,0.9039715506192337,0.22746791231772434,0.6410749322735114,-0.592554659136909,1.1144177145346146,0.2759372405716891,0.7934916874871794,-0.5770184273900444,1.410933605007538,0.3958079202834415,1.0016523889721811,-0.35406956033570514
150,135,15,0.9037547574862431,0.9037547574862431,0.2277168548552766,0.6409778543853685,-0.5925546591369097,1.1145704006554393,0.27655184517071163,0.793625978780696,-0.5770184273900445,1.41737055934358,0.39853813159149243,1.005861212524603,-0.3540695603357048
150,135,20,0.9069657460428985,0.9069657460428985,0.22906783429967725,0.6428830774645983,-0.5925546591369097,1.1064381839903803,0.27464959970111646,0.7884505248117182,-0.5770184273900447,1.4110789111821331,0.3969876793100644,1.0020124999588127,-0.354069560335705
150,140,5,0.9122538060239186,0.9122538060239186,0.2302207061734154,0.6461350205472338,-0.5896433198894542,1.1179898741573733,0.27719920315078395,0.7956710368477176,-0.5770184273900443,1.422916150740017,0.3999972412324211,1.0092603511738567,-0.34563911897703437
150,140,10,0.9117425310715023,0.9117425310715023,0.2302945200833224,0.6457977847412781,-0.5925546591369095,1.1126387259351183,0.27591286261882386,0.7921771848997335,-0.577018427390044,1.4116753703971576,0.39653552561112604,1.0021543705512208,-0.35456539870248316
150,140,15,0.9068769165015195,0.9068769165015195,0.22905780097527928,0.6426667492941515,-0.5925546591369092,1.10950726231683,0.2754687327961265,0.7903190293172302,-0.5770184273900447,1.415638869670089,0.39848974975350826,1.0048015829448895,-0.3545653987024835
150,140,20,0.9070403370204609,0.9070403370204609,0.22938167076742322,0.6426896972938999,-0.59255465913691,1.102871208393039,0.2738798997072125,0.7861055499316694,-0.5770184273900454,1.4082881002626375,0.39637750417739803,1.00030495444914,-0.35456539870248316
152,115,5,0.9264259002267344,0.9264259002267344,0.23252092397664748,0.6550909164631825,-0.5817013280882939,1.1379960544011776,0.28037660143041143,0.8084235627472796,-0.577018427390044,1.4665702017996338,0.41142705623175724,1.0359382703973667,-0.3362984381449192
152,115,10,0.9254401732872725,0.9254401732872725,0.23262099767097166,0.6545704541064521,-0.5817013280882941,1.1336389268191822,0.2795982835889994,0.8056755347098169,-0.577018427390044,1.4451309794491465,0.4053346776542319,1.0227093723266458,-0.3491405821901823
152,115,15,0.9166236625170663,0.9166236625170663,0.2305525359929952,0.6490462278329958,-0.5817013280882932,1.1179710179512627,0.27576521947977817,0.7960703967601205,-0.5770184273900448,1.4293353242151652,0.4018408127326296,1.01344527138668,-0.3491405821901822
152,115,20,0.9212500578271319,0.9212500578271319,0.2323807791800634,0.6518781304193609,-0.5899582220971022,1.1201578918778659,0.27764988194494933,0.7973628291475605,-0.5770184273900449,1.4308371296538314,0.40240254394110875,1.0143626242788737,-0.34914058219018207
152,120,5,0.9227107964272336,0.9227107964272336,0.23200906194222526,0.6529328959447475,-0.5910870530820229,1.130176958109328,0.2788072938293962,0.8035568155676696,-0.5770184273900447,1.4531400036600757,0.40779689468338054,1.0278597635109854,-0.34042914322402085
152,120,10,0.9217560086041802,0.9217560086041802,0.23210907912905943,0.6524287880426727,-0.5910870530820236,1.1278604160712953,0.27861234772003396,0.8021138399641613,-0.5770184273900447,1.4352163017305248,0.40271759098181903,1.0167852950014795,-0.3502685421445022
152,120,15,0.914626458126658,0.914626458126658,0.2303037511339454,0.6478011106547618,-0.5910870530820229,1.1178080320638182,0.2762122079377789,0.7959728957288859,-0.5770184273900445,1.4250007186420983,0.4006917242098069,1.0106586257382983,-0.3502685421445021
152,120,20,0.9182602590692267,0.9182602590692267,0.2317468136987928,0.6500330142289708,-0.5910870530820233,1.1144516037638754,0.2762448535192892,0.7936723309173856,-0.5770184273900445,1.4265003153203308,0.4012529949673713,1.0115754626238387,-0.3502685421445022
152,125,5,0.9218959775534602,0.9218959775534602,0.23225422252196037,0.6525276891936391,-0.5912781906877826,1.1264626618303637,0.2782423758317927,0.8011700858746287,-0.5770184273900448,1.44106916146729,0.40463225325827534,1.0204448754398265,-0.34042914322402074
152,125,10,0.9191992276972715,0.9191992276972715,0.23168286572334584,0.650799884975323,-0.5912781906877824,1.1247785041059295,0.27822768003188525,0.8001467220112263,-0.5770184273900452,1.4272190043024502,0.40070800157928765,1.0118193379586908,-0.35026854214450265
152,125,15,0.9127810601774594,0.9127810601774594,0.23009273245134532,0.6466493339971903,-0.5912781906877826,1.1147801824486734,0.27582826949240036,0.7940325881008065,-0.5770184273900445,1.4188236501593932,0.39912408575254776,1.006901190624249,-0.3502685421445023
152,125,20,0.9163024227019396,0.9163024227019396,0.23146950233027508,0.6488407909230777,-0.5912781906877824,1.1095852547212155,0.2750549051503268,0.7906194472764136,-0.5770184273900445,1.4203199446324488,0.3996847283421794,1.0078173423740893,-0.3502685421445023
152,130,5,0.9162354327929036,0.9162354327929036,0.23095136319015852,0.6489873199406931,-0.5912781906877819,1.1243357464141162,0.27815577657139556,0.7998988335248777,-0.5770184273900449,1.4295347425196703,0.40139944605023814,1.0132854725440987,-0.3432072875908554
152,130,10,0.9156868400227166,0.9156868400227166,0.23101589207055162,0.6486426007605252,-0.5912781906877825,1.1254810251804304,0.27890528329855724,0.8006212454485295,-0.5770184273900449,1.4200862843656556,0.398734972610709,1.00727144900626,-0.35316000935813596
152,130,15,0.9095925989902494,0.9095925989902494,0.22950434680825582,0.6445966698772082,-0.5912781906877822,1.1159736406628247,0.2766438271374816,0.7945850942553155,-0.5770184273900442,1.4143131435597867,0.39795850487441586,1.0039707750960125,-0.35316000935813585
152,130,20,0.9126692983851797,0.9126692983851797,0.23065555829220563,0.6465593487484753,-0.591278190687782,1.1099947087345148,0.2754340008183398,0.7908313383182666,-0.5770184273900447,1.4158069557687878,0.39851868040448646,1.0048862729415284,-0.3531600093581362
152,135,5,0.9081429202503831,0.9081429202503831,0.22878784509400796,0.6436881788540362,-0.5925546591369091,1.1171541153159268,0.2767052530686114,0.7952052707011901,-0.5770184273900445,1.4193842416860198,0.39855792801439316,1.007016848643537,-0.3451363075773102
152,135,10,0.9075641126200831,0.9075641126200831,0.2288460818394058,0.6433643036210348,-0.5925546591369094,1.1200018889482488,0.27792596660025914,0.7970842504802974,-0.5770184273900446,1.4115027862006726,0.3963246332257664,1.002073164249582,-0.354069560335705
152,135,15,0.905130550006832,0.905130550006832,0.22845304888891138,0.6416699193826603,-0.5925546591369096,1.1135903641704172,0.27668275450118784,0.7929985340523811,-0.5770184273900446,1.4089541715796754,0.3964723880376049,1.0006925629265242,-0.35406956033570514
152,135,20,0.9082059109175423,0.9082059109175423,0.2296032600984197,0.6436341630291842,-0.5925546591369093,1.1101921700381205,0.27608514703163145,0.7908677917083167,-0.5770184273900442,1.4104456387372672,0.3970319680662471,1.0016077183744174,-0.3540695603357047
152,140,5,0.9121530635459199,0.9121530635459199,0.23037694486318383,0.6459481926862805,-0.5925546591369095,1.1156665133797252,0.2767013436046697,0.7940359745681108,-0.577018427390045,1.4205772886975414,0.3994615726296846,1.0076999536615048,-0.3456391189770347
152,140,10,0.9096300947186866,0.9096300947186866,0.22981480064638826,0.6443285102880413,-0.5925546591369095,1.1165955300491621,0.2774023147277078,0.7946443037078634,-0.5770184273900444,1.4124285809110273,0.39707613749128146,1.0026786153176488,-0.3545653987024834
152,140,15,0.9035232076481231,0.9035232076481231,0.2281595475036149,0.6403673235966717,-0.59255465913691,1.1074181297288608,0.27507314655713544,0.7889032378592298,-0.5770184273900446,1.4058962910196613,0.39570877889965805,0.9987803229539909,-0.3545653987024834
152,140,20,0.9074269990934712,0.9074269990934712,0.229596302908323,0.6428942221602295,-0.5925546591369097,1.1051814747197533,0.274821972177957,0.7875459884094935,-0.5770184273900448,1.407386006469334,0.39626805294271317,0.9996950439647175,-0.3545653987024834
154,115,5,0.9189371990809826,0.9189371990809826,0.23045924641408888,0.650250867806991,-0.5817013280882932,1.1302711662043767,0.27856535181252084,0.8034420383461276,-0.5770184273900445,1.4474232592874108,0.4063041859902292,1.0241815810268011,-0.3491405821901823
154,115,10,0.9171545645439434,0.9171545645439434,0.23036716421323922,0.649244819643918,-0.5817013280882941,1.1213394429778407,0.2767211981552242,0.7979011048481305,-0.5770184273900443,1.4452187878484644,0.4064073255537637,1.023027551509593,-0.3491405821901822
154,115,15,0.9157627059161771,0.9157627059161771,0.23042893427026834,0.6483399769245265,-0.581701328088294,1.115756072869044,0.27577216584384323,0.7947702046147482,-0.577018427390044,1.4262037776395557,0.4013738951116912,1.0116266144884996,-0.34914058219018207
154,115,20,0.9184433649724809,0.9184433649724809,0.23162085917163133,0.6499623390306521,-0.589958222097102,1.1165914178724197,0.2768853760796579,0.7950518175895107,-0.5770184273900442,1.4278089958777371,0.4020943000080246,1.0125827672883971,-0.3491405821901825
154,120,5,0.9162209395866612,0.9162209395866612,0.23021881388204934,0.648728204545724,-0.5910870530820237,1.1263666879872591,0.27805582779146665,0.8010537305796721,-0.5770184273900447,1.438442511060033,0.4039225565758813,1.0187900039145463,-0.3502685421445022
154,120,10,0.915319682646767,0.915319682646767,0.2303721419433804,0.6483133673863309,-0.5910870530820234,1.1194234106707979,0.2767388425661834,0.7968571085972311,-0.5770184273900445,1.4373056918027476,0.4042955004808346,1.018299629140121,-0.3502685421445021
154,120,15,0.9147055772278411,0.9147055772278411,0.23045081364404463,0.6477015323112758,-0.5910870530820231,1.1117746038181864,0.27484925022945617,0.7921290089979833,-0.5770184273900446,1.4238263200729726,0.400731160951298,1.0100159218264724,-0.350268542144502
154,120,20,0.9163962487285081,0.9163962487285081,0.23125810141882241,0.6487234665818451,-0.5910870530820231,1.1127308753397822,0.2759560005451491,0.7925215876180928,-0.5770184273900449,1.4254315176123964,0.4014512354369981,1.010972646262185,-0.3502685421445024
154,125,5,0.9142961575147733,0.9142961575147733,0.23011399405641741,0.6475814432160056,-0.5912781906877828,1.123794011871701,0.2778296480067688,0.7994286530232818,-0.5770184273900454,1.4304355841584275,0.40191128221157224,1.0138216248319663,-0.3502685421445022
154,125,10,0.9118443305087669,0.9118443305087669,0.22966418570580127,0.6461032379638348,-0.591278190687782,1.116896150961835,0.2765129093082108,0.7952558188992525,-0.5770184273900445,1.4293288672971634,0.40228365050195625,1.0133458024119781,-0.35026854214450265
154,125,15,0.9119144865237447,0.9119144865237447,0.2299573526178924,0.6459559162862142,-0.5912781906877824,1.1092849276075085,0.27462364709967657,0.7905468113116699,-0.577018427390045,1.4176646222991658,0.39916347835688004,1.0062658587132098,-0.3502685421445024
154,125,20,0.913499368632588,0.913499368632588,0.2306983128217508,0.6469403910458225,-0.5912781906877824,1.108377982818829,0.27492428200441466,0.7898129496134246,-0.5770184273900445,1.4192696679222379,0.39988274694329773,1.0072239624603962,-0.3502685421445023
154,130,5,0.9113273116265819,0.9113273116265819,0.2295880796088574,0.6457531138366444,-0.5912781906877824,1.1221187667692967,0.2778877269664237,0.7984596936314745,-0.5770184273900445,1.4197151125101606,0.39894435746881274,1.0071909834687987,-0.35316000935813596
154,130,10,0.9090313798803907,0.9090313798803907,0.22919185684898502,0.644307759900303,-0.5912781906877829,1.116538341028842,0.2768979025409155,0.7948282855020354,-0.5770184273900442,1.4222137533244885,0.40030840208366647,1.0088086682390607,-0.35316000935813596
154,130,15,0.9100012813369388,0.9100012813369388,0.22975225686872935,0.6447417347724452,-0.5912781906877822,1.1104954790959023,0.2754384347046004,0.7911125461217472,-0.5770184273900443,1.4131654263183804,0.3979978646615976,1.0033414456062264,-0.3531600093581361
154,130,20,0.9111440445774062,0.9111440445774062,0.2302682644446279,0.6454968050619119,-0.5912781906877818,1.1087904065888678,0.2753033388359287,0.7900271227766859,-0.5770184273900445,1.4147702935098592,0.3987165340404686,1.0043005519330583,-0.3531600093581365
154,135,5,0.9036535880070456,0.9036535880070456,0.2275184022717096,0.6407607905864846,-0.5925546591369093,1.11629912026322,0.2766753481202646,0.7946227917234407,-0.5770184273900445,1.4113560788057788,0.39640496951365445,1.0020320220679833,-0.3540695603357047
154,135,10,0.9043515883289674,0.9043515883289674,0.22804546522262936,0.6412800267828886,-0.5925546591369089,1.1160911424020692,0.2772341732025412,0.794456880216753,-0.5770184273900446,1.4138634416845006,0.3977665189551609,1.0036563598528807,-0.3540695603357049
154,135,15,0.9068002217709619,0.9068002217709619,0.22907696467550775,0.6426625999485122,-0.5925546591369097,1.1106102331083159,0.2759737177501149,0.7910291863760548,-0.5770184273900443,1.4080252376883107,0.39638300113623526,1.0001005168626436,-0.3540695603357049
154,135,20,0.9079463109697901,0.9079463109697901,0.2295926729755151,0.6434202641765875,-0.5925546591369095,1.1096343112600742,0.2760326387320087,0.7904317945847427,-0.5770184273900447,1.4096308681430234,0.39710084036150195,1.0010611145094221,-0.3540695603357046
154,140,5,0.9099602059796105,0.9099602059796105,0.22983768541847627,0.6445936017914864,-0.59255465913691,1.1146780006701802,0.2766455816509046,0.7934139579755528,-0.5770184273900443,1.4098072213573642,0.3961619894209809,1.0009617234525183,-0.35456539870248405
154,140,10,0.9063198513062948,0.9063198513062948,0.22895369053867998,0.6422461691173951,-0.5925546591369102,1.1097139096666104,0.2756722646301364,0.7903325951639759,-0.577018427390044,1.4111316522092894,0.3971872904636906,1.0018699317760666,-0.3545653987024827
154,140,15,0.9055465125174705,0.9055465125174705,0.22889349902706635,0.6416211415514088,-0.5925546591369095,1.1050749776792712,0.27452839143339514,0.7874280039730093,-0.5770184273900445,1.4042309337448502,0.3952429555341117,0.9976636434823566,-0.3545653987024836
154,140,20,0.9075247258154152,0.9075247258154152,0.2296959725990475,0.6429431193968116,-0.5925546591369092,1.1047548647870553,0.27478421922780827,0.7872689484933443,-0.5770184273900447,1.405836920728742,0.39596020869563286,0.9986252687188927,-0.3545653987024834
156,115,5,0.9185189440179594,0.9185189440179594,0.23069118964530522,0.6499152326709446,-0.581701328088294,1.1246349909613484,0.27736779443318826,0.7995646996450065,-0.5770184273900447,1.437876103224117,0.40359158110768245,1.018160265006967,-0.3492097571218947
156,115,10,0.9093526536383987,0.9093526536383987,0.22851299774653344,0.644267150349601,-0.5817013280882946,1.119057167703167,0.27635063740020316,0.7961594782199862,-0.5770184273900443,1.4215906016828188,0.39987223595140065,1.0085611392044853,-0.3492097571218944
156,115,15,0.9159644408110088,0.9159644408110088,0.2309679216540501,0.6483294309527146,-0.5899582220971016,1.112358808359121,0.27570391848618003,0.7919753519643189,-0.5770184273900447,1.42390141629309,0.4007460036656936,1.010011835320958,-0.3492097571218945
156,115,20,0.9190329975312145,0.9190329975312145,0.23216447932935314,0.6502454847120777,-0.5899582220971027,1.1146038796403426,0.2765849722761897,0.7934974931934987,-0.5770184273900447,1.425506595582412,0.4014660857815946,1.0109685426555808,-0.3492097571218944
156,120,5,0.9156923029203887,0.9156923029203887,0.2303655859636644,0.6483052776338393,-0.5910870530820231,1.1211254479845187,0.27686132084988957,0.7974278452974881,-0.5770184273900443,1.430363097555403,0.4016268530976681,1.013701416726952,-0.3503375971938699
156,120,10,0.9081819987175201,0.9081819987175201,0.22844984976841465,0.6435376376848039,-0.5910870530820234,1.1175036604881425,0.2763708712870945,0.7953492408706249,-0.5770184273900449,1.4195997032183936,0.3993728297795336,1.007216368736635,-0.3503375971938697
156,120,15,0.9137930275981104,0.9137930275981104,0.23052021968895953,0.6469938877241564,-0.591087053082024,1.1088468034091292,0.2747779942296331,0.7896702023754767,-0.5770184273900445,1.421908675256466,0.4002462857761009,1.008666391737949,-0.3503375971938697
156,120,20,0.9168621803942267,0.9168621803942267,0.23171632545030896,0.6489117169240648,-0.5910870530820239,1.1110928083838956,0.2756584085381273,0.7911934625944598,-0.5770184273900445,1.4235137105333548,0.4009661110018059,1.0096235291665192,-0.3503375971938699
156,125,5,0.9131251804769125,0.9131251804769125,0.22993645297131438,0.6466806642145514,-0.5913191213343572,1.1193087072118542,0.2768411080243989,0.7962887303293757,-0.5770184273900453,1.4230944171909234,0.39987298387482983,1.0092259850575622,-0.35033759719387025
156,125,10,0.9063257287378023,0.9063257287378023,0.2282356312348548,0.6423888595314774,-0.5913191213343576,1.115712543860426,0.27635067968128957,0.7942235417335243,-0.5770184273900447,1.4141390206173852,0.3980604958881073,1.0039425954958083,-0.3503375971938706
156,125,15,0.911816263866465,0.911816263866465,0.23023966090434644,0.6458004297449789,-0.5913191213343565,1.1052216164658377,0.273952518292494,0.7874310694624598,-0.5770184273900447,1.4164430332751399,0.39893313275636055,1.0053912603035566,-0.3503375971938698
156,125,20,0.9140658456454405,0.9140658456454405,0.23110464726873037,0.6471827625565997,-0.5913191213343574,1.1074677716976806,0.27483236249322873,0.7889550391208405,-0.5770184273900447,1.4180477029677212,0.39965228292891375,1.0063495255155424,-0.3503375971938696
156,130,5,0.9102013707830121,0.9102013707830121,0.22941388986611178,0.6449129589944756,-0.5913191213343576,1.1208563435329395,0.27774633849907193,0.7973309648056124,-0.5770184273900449,1.4165681304705422,0.3980360742538631,1.0051022342653388,-0.3532287570952921
156,130,10,0.9038312918635601,0.9038312918635601,0.22782902631977553,0.6408000298626791,-0.5913191213343575,1.1161868329387172,0.27696384638268956,0.7943569683013478,-0.5770184273900445,1.4102211647034162,0.39703064716377257,1.001429422970295,-0.3532287570952922
156,130,15,0.9088661818633578,0.9088661818633578,0.2296076842064021,0.6439760725351285,-0.5913191213343574,1.1064571644662087,0.27455907881227315,0.7881999320564401,-0.577018427390045,1.4125220044126778,0.39790264122438734,1.0028771467802187,-0.3532287570952918
156,130,20,0.9104720185717143,0.9104720185717143,0.2302412449583704,0.6449343583167952,-0.5913191213343569,1.1087008545528532,0.27543934192874264,0.789722203131641,-0.577018427390045,1.4141265814954453,0.3986212616517042,1.0038363027194352,-0.3532287570952921
156,135,5,0.902707922264479,0.902707922264479,0.22740140155375022,0.6401394515471812,-0.5925954619540468,1.1151262906047863,0.27653344290132287,0.7937717098922259,-0.5770184273900443,1.4085163172095898,0.3955965634384806,1.000188126145996,-0.35413821140355706
156,135,10,0.9003392032035841,0.9003392032035841,0.22705413698523613,0.6386091859863416,-0.5925954619540478,1.1148074971542503,0.2769872688656465,0.793575935768833,-0.5770184273900449,1.405377482069374,0.3955151426778607,0.9984278558678928,-0.3541382114035574
156,135,15,0.9053668271728563,0.9053668271728563,0.2288316564400521,0.6417842262767459,-0.5925954619540477,1.1063712595446753,0.27497558041742254,0.7881932674175938,-0.5770184273900444,1.4076761980510335,0.3963861907957982,0.9998755091618863,-0.35413821140355706
156,135,20,0.907045999476806,0.907045999476806,0.22945892936300893,0.6427808302222174,-0.5925954619540474,1.1086117635665327,0.2758561311870944,0.7897136419456424,-0.5770184273900444,1.4092815062681352,0.39710403166077435,1.0008360676592045,-0.3541382114035576
156,140,5,0.9080586277281707,0.9080586277281707,0.22938296110570144,0.6433167153296773,-0.5925954619540472,1.1122061023085064,0.27611360111257954,0.7917284447578958,-0.5770184273900446,1.4092038042009114,0.3961228448723222,1.0005942206451803,-0.35463399707142107
156,140,10,0.8988671292476721,0.8988671292476721,0.2267906731270648,0.6374276145749618,-0.5925954619540474,1.1091365316411017,0.27563498996699054,0.7899308771889467,-0.5770184273900445,1.4020831672138103,0.3945274829071108,0.9963162159204507,-0.3546339970714206
156,140,15,0.9047178299160693,0.9047178299160693,0.2288544568842874,0.6411626293700039,-0.5925954619540477,1.1021901696816974,0.27393724424068533,0.7855046206236941,-0.5770184273900447,1.4043800413814314,0.395397914550774,0.997763529694219,-0.35463399707142096
156,140,20,0.9064031148281547,0.9064031148281547,0.22947262160738524,0.6421660807342789,-0.5925954619540472,1.1044312519068047,0.27481707789252896,0.7870260230931535,-0.5770184273900447,1.4059856523740208,0.396115247372145,0.9987249770403865,-0.35463399707142107
158,115,5,0.917218948293558,0.917218948293558,0.2305092782351965,0.6491716507992502,-0.5817013280882941,1.1258223123449334,0.277980391275795,0.800365620314004,-0.5770184273900443,1.4424304209045837,0.40565177562602495,1.0210330108676198,-0.34920975712189384
158,115,10,0.9128904378682309,0.9128904378682309,0.2297753811156633,0.6464912704835706,-0.5817013280882941,1.1105599537714959,0.2745542214812535,0.7911129128284465,-0.5770184273900443,1.422891233107441,0.40042150065716475,1.0093741395171987,-0.3492097571218945
158,115,15,0.9158377788177984,0.9158377788177984,0.23104062938162517,0.6482672462117185,-0.5899582220971017,1.1115348191434158,0.27570071400398266,0.7914908254952157,-0.5770184273900447,1.4253751340251335,0.40146371715449813,1.0108321464313186,-0.34920975712189417
158,115,20,0.9159285913818235,0.9159285913818235,0.23149743826608216,0.6481601175915043,-0.5899582220971022,1.1132708633224648,0.27630697045169694,0.7925957166332253,-0.5770184273900447,1.4265473858429771,0.4019175230878891,1.011619303952966,-0.34920975712189417
158,120,5,0.9153272509385132,0.9153272509385132,0.23047090299633255,0.6481759158831619,-0.5910870530820239,1.1223168800440455,0.27747367479916596,0.7982316025589814,-0.5770184273900443,1.43491725233636,0.4036841637843249,1.0165776692818116,-0.3503375971938695
158,120,10,0.9123137685729831,0.9123137685729831,0.22989766230389708,0.6461493937265995,-0.5910870530820236,1.1069398502484087,0.2736347759840525,0.7887051787526985,-0.5770184273900445,1.4208998339582568,0.3999218985344273,1.0080293569860705,-0.3503375971938697
158,120,15,0.914268552029201,0.914268552029201,0.2307785278809158,0.6473226218794417,-0.591087053082024,1.1080297594798334,0.274774792073295,0.7891895068401436,-0.5770184273900445,1.4233828895909386,0.4009637432197215,1.0094876781451145,-0.3503375971938699
158,120,20,0.9143723218651353,0.9143723218651353,0.23123522278552322,0.6472241824970244,-0.5910870530820231,1.1097650772238268,0.2753806084913579,0.7902946830486642,-0.5770184273900445,1.4245542015386092,0.4014173872572775,1.0102743468466058,-0.35033759719387003
158,125,5,0.9118205638563369,0.9118205638563369,0.22975049903198252,0.6459308540180019,-0.5951864051475201,1.1214993305065637,0.27774529734907905,0.7977309890832185,-0.5770184273900443,1.4276466351107922,0.4019277202287479,1.012104745661498,-0.3503375971938698
158,125,10,0.9095034718016585,0.9095034718016585,0.22939203084524662,0.6443740402170406,-0.5951864051475189,1.1061824031673968,0.27390559150871074,0.7882372681305074,-0.5770184273900445,1.4154378141610942,0.39860904972551725,1.0047556681273404,-0.35033759719387014
158,125,15,0.9113503458020804,0.9113503458020804,0.23020655684162783,0.645508613314861,-0.5951864051475196,1.1053982280697998,0.2742403627732477,0.7875865448505072,-0.5770184273900446,1.4179186166804372,0.39964991736733824,1.0062149180345237,-0.35033759719387003
158,125,20,0.9114158551739061,0.9114158551739061,0.23055156115179876,0.6453623835181815,-0.5951864051475195,1.107131947762956,0.2748459252122968,0.7886914476563316,-0.5770184273900446,1.41908739878625,0.40010313597685077,1.0070005634060606,-0.35033759719387014
158,130,5,0.9106742486232554,0.9106742486232554,0.22974830245088396,0.645293413163102,-0.59518640514752,1.122001318854234,0.27836108844394114,0.7980899418002092,-0.5770184273900444,1.4211207778570645,0.40008811438818137,1.0079842660184035,-0.35322875709529267
158,130,10,0.9075844124960069,0.9075844124960069,0.22916147270601717,0.6431590741814212,-0.5951864051475195,1.1070835062186768,0.27462219733455595,0.7886115016952399,-0.5770184273900445,1.4115191695338685,0.39757879692176634,1.002242599805039,-0.3532287570952921
158,130,15,0.9089859037325879,0.9089859037325879,0.2297511113836086,0.6440618775529217,-0.5951864051475195,1.1054978212802522,0.27452150121322205,0.7876050604046666,-0.5770184273900448,1.413998671696861,0.39861889783266524,1.0037026171532188,-0.3532287570952922
158,130,20,0.9084226244529221,0.9084226244529221,0.22986507732616746,0.6435002667918457,-0.5951864051475203,1.1072295857959078,0.2751271972588374,0.7887088768058624,-0.5770184273900448,1.4151658344659799,0.39907178258923803,1.0044875379615477,-0.35322875709529256
158,135,5,0.9049706981095237,0.9049706981095237,0.22828929183428404,0.6416875885155816,-0.5951864051475193,1.1175613048773636,0.2775589095016737,0.795392901232598,-0.577018427390045,1.4130713339772691,0.39764502285396564,1.0030751304377121,-0.35413821140355717
158,135,10,0.9051003332771809,0.9051003332771809,0.2286856712225962,0.6416059969800871,-0.5951864051475197,1.1070183641544307,0.2750774348272842,0.7886188973764571,-0.5770184273900449,1.4066753340032436,0.3960626978007844,0.9992415992030207,-0.3541382114035574
158,135,15,0.906503412998374,0.906503412998374,0.2292750657371403,0.6425103920619564,-0.5951864051475201,1.1061585362735267,0.2751706451884115,0.7880974140942266,-0.5770184273900445,1.409154758186914,0.39710167040601596,1.000703188267474,-0.3541382114035575
158,135,20,0.9070508392388357,0.9070508392388357,0.22969343830505817,0.642650630688122,-0.5951864051475201,1.1078869764496324,0.275776649729363,0.789199369189373,-0.5770184273900445,1.4103208327882728,0.3975540638713757,1.001487864662578,-0.3541382114035576
158,140,5,0.9067058988953183,0.9067058988953183,0.22913459718270057,0.6424929997880846,-0.5951864051475195,1.1132292559937678,0.2767099554086183,0.7924471613801617,-0.5770184273900444,1.4143460515896635,0.3984038434248114,1.003883023903311,-0.35463399707142085
158,140,10,0.9028750053875373,0.9028750053875373,0.22817271706583786,0.6399465918970869,-0.5951864051475197,1.1025384804048133,0.2739241289188121,0.7857377199512686,-0.5770184273900443,1.4033807298997512,0.39507465050420154,0.9971302341906915,-0.3546339970714204
158,140,15,0.905109684212725,0.905109684212725,0.22904855675309377,0.641415379202324,-0.5951864051475202,1.1023304010948907,0.27421414043918446,0.7856522227361133,-0.5770184273900446,1.4058597554629064,0.39611288778853715,0.9985927434099449,-0.3546339970714206
158,140,20,0.9030098647551843,0.9030098647551843,0.2285606128738178,0.6398999695331739,-0.5951864051475191,1.1040576515031164,0.2748196904164868,0.7867543112378178,-0.5770184273900446,1.4070248881403966,0.3965649610776325,0.9993770776117284,-0.35463399707142107
160,115,5,0.9116566234003632,0.9116566234003632,0.22923029265132722,0.6458327971448233,-0.5817013280882941,1.1151247480929147,0.2753779455597827,0.7936503622044502,-0.5770184273900443,1.4328696980053452,0.4031566247401377,1.0151795484333281,-0.35908488393557636
160,115,10,0.9150571923303584,0.9150571923303584,0.2308153644462132,0.647728252133844,-0.5899582220971025,1.108805880493831,0.27484050444237784,0.78971836214873,-0.5770184273900447,1.413611716308151,0.39796854093353873,1.0035783452778528,-0.3590848839355769
160,115,15,0.9175622412744945,0.9175622412744945,0.23183268077346075,0.6493656975485701,-0.5899582220971022,1.1110514537142884,0.275720961923005,0.7912413912108663,-0.5770184273900447,1.415217051301832,0.39868719523794804,1.0045375276144972,-0.3590848839355767
160,115,20,0.9171011294063399,0.9171011294063399,0.23211969867376925,0.6489952060167659,-0.5899582220971018,1.1126275851373264,0.2762772003452605,0.7922467301647224,-0.5770184273900447,1.4078879133100985,0.3965669381527359,0.9997213802443088,-0.3590848839355767
160,120,5,0.9108888833422504,0.9108888833422504,0.22929061394718997,0.6453586285083514,-0.591087053082024,1.1139556299911562,0.27548613632518504,0.7930797159199953,-0.5770184273900449,1.4245376442517739,0.4007403729788135,1.0102531748697008,-0.3590848839355768
160,120,10,0.9134906252382846,0.9134906252382846,0.23055331090677855,0.6467851952832736,-0.5910870530820238,1.1056686200381312,0.27400307687372494,0.7876477233447464,-0.5770184273900445,1.4107572722882384,0.39701888253704465,1.0017444797305222,-0.3590848839355766
160,120,15,0.9159960068717558,0.9159960068717558,0.23157039391169354,0.648423416994591,-0.5910870530820234,1.107915065574799,0.2748829559923027,0.7891717732031563,-0.5770184273900445,1.4123631935320209,0.39773704865014325,1.002704556079793,-0.359084883935576
160,120,20,0.9155486812626449,0.9155486812626449,0.2318573686364762,0.6480615218539387,-0.5910870530820226,1.1094907585603744,0.27543882902815264,0.7901774215631459,-0.5770184273900445,1.4067064917816063,0.39617346175407375,0.9989601564325994,-0.3590848839355767
160,125,5,0.9077239480747085,0.9077239480747085,0.2286722254149498,0.6433414806266116,-0.5951864051475191,1.1131726831351163,0.2757573497684669,0.7925979680659596,-0.5770184273900446,1.4190140360780472,0.39949013453767934,1.0068565083491974,-0.35908488393557636
160,125,10,0.9105766147800591,0.9105766147800591,0.2299814445309889,0.6449736742496145,-0.5951864051475193,1.103040599885958,0.2734689711031484,0.7860460841925743,-0.5770184273900446,1.4070135629877587,0.3962100999238678,0.9995351264747045,-0.35908488393557636
160,125,15,0.912264197025769,0.912264197025769,0.23066732571505844,0.6460767601828565,-0.5951864051475196,1.1052866783998667,0.2743484813462318,0.7875703691412499,-0.5770184273900446,1.4086189142539156,0.39692785026573163,1.000495846836601,-0.3590848839355768
160,125,20,0.9130931493708402,0.9130931493708402,0.23131286550661412,0.6465084476207166,-0.595186405147519,1.106861032202079,0.27490412134104636,0.7885758250827649,-0.5770184273900446,1.4030879782508259,0.395155792086632,0.9968627891201006,-0.35908488393557647
160,130,5,0.9036511391249502,0.9036511391249502,0.22773153598775497,0.6407077491517108,-0.5951864051475196,1.112513330379381,0.27604428332688813,0.7919840344093274,-0.5770184273900449,1.414522462090947,0.3982309447077985,1.0039585112228817,-0.3590848839355766
160,130,10,0.9060691962811049,0.9060691962811049,0.2288152015752314,0.6421172830971829,-0.5951864051475197,1.1031432716352634,0.27374993934929037,0.7860665138066858,-0.5770184273900448,1.4051035601654358,0.39575781070917193,0.9982356938317214,-0.35908488393557625
160,130,15,0.9071155697629977,0.9071155697629977,0.22926963357663066,0.642797010651213,-0.5951864051475197,1.1053873487134056,0.2746296436406437,0.7875895569504368,-0.5770184273900448,1.4067086400899786,0.39647532854252,0.9991967692983046,-0.3590848839355767
160,130,20,0.9079669130835493,0.9079669130835493,0.22991443706802084,0.6432437732639564,-0.5951864051475192,1.106959963550725,0.2751854062275261,0.7885940487912717,-0.5770184273900448,1.4020950648378694,0.3950272987497314,0.996174574170379,-0.359084883935577
160,135,5,0.9005929928788801,0.9005929928788801,0.22706102100730274,0.6388042592927715,-0.5951864051475193,1.1129541054309926,0.27656598399029586,0.7923361727599539,-0.5770184273900443,1.4086941431606246,0.39642198834980835,1.0003589369318042,-0.3590848839355766
160,135,10,0.9038107385382594,0.9038107385382594,0.22841121674215548,0.6407180616721029,-0.5951864051475191,1.1048633039886546,0.27466372906385716,0.7871874661247323,-0.5770184273900445,1.4024570565101881,0.39487388207457275,0.9965361085503837,-0.3590848839355767
160,135,15,0.9049294776555641,0.9049294776555641,0.2288596142375241,0.6414344250367874,-0.5951864051475197,1.1071035040851689,0.27554406445611046,0.7887078892710645,-0.5770184273900445,1.404062674561671,0.39559094550633755,0.9974980090843986,-0.35908488393557647
160,135,20,0.9054118189554677,0.9054118189554677,0.22927093694396095,0.6416060172679012,-0.5951864051475194,1.108673332233746,0.27610022574773097,0.7897105984152383,-0.5770184273900445,1.400338332803579,0.39446066663990464,0.9950701307676642,-0.35908488393557647
160,140,5,0.9020510205866855,0.9020510205866855,0.22780583984689606,0.6394707957328127,-0.5951864051475199,1.1079575319116224,0.27538858705022995,0.7891438412410777,-0.5770184273900439,1.4072495873912656,0.39621248613607385,0.9994422747826004,-0.35908488393557647
160,140,10,0.902232249181544,0.902232249181544,0.22812931771813294,0.639506405657648,-0.5951864051475191,1.1013482243230783,0.2737998654018783,0.7849470735110431,-0.5770184273900446,1.3999423600086678,0.3941036800846385,0.9949643285829852,-0.3590848839355768
160,140,15,0.9033583255655968,0.9033583255655968,0.22856849918192412,0.6402298768112329,-0.5951864051475196,1.1035888541442425,0.27467960417422455,0.786468333375234,-0.5770184273900446,1.4015482800148682,0.39482034757832674,0.9959269286178404,-0.3590848839355766
160,140,20,0.9015543865708361,0.9015543865708361,0.22818437548535542,0.6389708921402139,-0.5951864051475193,1.1051577296649229,0.27523538854484286,0.7874711769510894,-0.5770184273900446,1.3982740551782094,0.3938362764873269,0.9938126149726091,-0.3590848839355767
